단지코드,총세대수,지역,공가수,지하철역수,버스정류장수,등록차량수,전용면적_10_30,전용면적_30_40,전용면적_40_50,전용면적_50_100,전용면적 100이상,상가비율,아파트비율,공급유형_공공임대비율,공급유형_국민임대비율,공급유형_영구임대비율,공급유형_임대상가비율,공급유형_장기전세비율,공급유형_행복주택비율
C2483,900,경상북도,38.0,0.0,3.0,1015.0,0,149,0,751,0,0.0,1.0,0.0,1.0,0.0,0.0,0.0,0.0
C2515,545,경상남도,17.0,0.0,3.0,205.0,0,356,57,132,0,0.0,1.0,0.0,1.0,0.0,0.0,0.0,0.0
C1407,1216,대전광역시,13.0,1.0,1.0,1064.0,0,390,702,124,0,0.0,1.0,0.0,1.0,0.0,0.0,0.0,0.0
C1945,755,경기도,6.0,1.0,3.0,730.0,0,240,0,515,0,0.0,1.0,0.0,1.0,0.0,0.0,0.0,0.0
C1470,696,전라북도,14.0,0.0,2.0,553.0,0,254,196,246,0,0.0,1.0,0.0,1.0,0.0,0.0,0.0,0.0
C1898,566,전라북도,9.0,0.0,6.0,415.0,0,271,209,86,0,0.0,1.0,0.0,1.0,0.0,0.0,0.0,0.0
C1244,1722,경기도,10.0,0.0,10.0,1804.0,0,788,544,390,0,0.0,1.0,0.0,1.0,0.0,0.0,0.0,0.0
C1171,624,대전광역시,13.0,0.0,5.0,700.0,0,354,230,40,0,0.0,1.0,0.0,1.0,0.0,0.0,0.0,0.0
C2073,361,강원도,13.0,0.0,5.0,301.0,0,168,153,40,0,0.0,1.0,0.0,1.0,0.0,0.0,0.0,0.0
C2513,754,광주광역시,15.0,0.0,6.0,820.0,0,0,0,754,0,0.0,1.0,0.0,1.0,0.0,0.0,0.0,0.0
C1936,240,광주광역시,8.0,0.0,10.0,234.0,0,0,0,240,0,0.0,1.0,0.0,1.0,0.0,0.0,0.0,0.0
C2049,688,강원도,0.0,0.0,5.0,841.0,0,0,0,688,0,0.0,1.0,0.0,1.0,0.0,0.0,0.0,0.0
C2202,623,강원도,0.0,0.0,2.0,226.0,0,89,534,0,0,0.0,1.0,1.0,0.0,0.0,0.0,0.0,0.0
C1925,601,강원도,9.0,0.0,4.0,75.0,298,301,0,1,0,0.009703872332385564,0.9902961276676144,0.0,0.0,1.0,0.009798960191069834,0.0,0.0
C2576,405,경상남도,19.0,0.0,4.0,73.0,0,0,313,92,0,0.0,1.0,0.0,1.0,0.0,0.0,0.0,0.0
C1312,518,충청남도,12.0,,3.0,359.0,0,149,368,0,0,0.0,1.0,0.0,1.0,0.0,0.0,0.0,0.0
C1874,619,충청남도,2.0,,2.0,62.0,462,151,3,3,0,0.049025647110969954,0.9509743528890301,0.0,0.0,1.0,0.051553069714268936,0.0,0.0
C2013,595,경상남도,3.0,0.0,3.0,91.0,0,327,267,0,0,0.0,1.0,0.0,1.0,0.0,0.0,0.0,0.0
C1424,625,대전광역시,2.0,,7.0,179.0,0,268,356,0,0,0.0,1.0,1.0,0.0,0.0,0.0,0.0,0.0
C2100,880,대전광역시,4.0,,5.0,671.0,0,0,0,880,0,0.0,1.0,0.0,1.0,0.0,0.0,0.0,0.0
C2520,970,대전광역시,2.0,,2.0,386.0,0,960,0,0,0,0.0,1.0,1.0,0.0,0.0,0.0,0.0,0.0
C2319,606,대전광역시,1.0,1.0,12.0,266.0,0,0,0,605,0,0.0,1.0,0.0,1.0,0.0,0.0,0.0,0.0
C1616,1507,대전광역시,1.0,,2.0,98.0,588,463,450,4,2,0.02902992191127329,0.9709700780887267,0.0,0.0,1.0,0.029897854286525763,0.0,0.0
C1704,639,대전광역시,34.0,,7.0,131.0,0,638,0,0,1,0.022661257725338793,0.9773387422746612,0.0,0.0,1.0,0.023186697452100294,0.0,0.0
C2258,965,대전광역시,13.0,,3.0,78.0,599,184,180,1,1,0.022866042992055493,0.9771339570079445,0.0,0.0,1.0,0.023401134335841716,0.0,0.0
C1032,946,대전광역시,6.0,1.0,2.0,316.0,0,68,69,809,0,0.0,1.0,0.0,1.0,0.0,0.0,0.0,0.0
C2038,785,대전광역시,7.0,1.0,10.0,108.0,599,94,90,1,1,0.029384417650369594,0.9706155823496304,0.0,0.0,1.0,0.03027400155604022,0.0,0.0
C1859,2424,대전광역시,1.0,1.0,4.0,116.0,1885,505,0,32,2,0.02938231797074729,0.9706176820292527,0.0,0.0,1.0,0.030271772825442675,0.0,0.0
C1722,809,강원도,1.0,0.0,6.0,649.0,149,243,416,1,0,0.007082034838521935,0.9929179651614781,0.7364823105702482,0.0,0.26351768942975184,0.007132547790461405,0.0,0.0
C1850,388,경상남도,0.0,0.0,4.0,254.0,0,89,296,0,0,0.0,1.0,1.0,0.0,0.0,0.0,0.0,0.0
C2190,1013,경상남도,7.0,0.0,2.0,129.0,860,151,2,0,0,0.016388265173051395,0.9836117348269486,0.0,0.0,1.0,0.016661315225092004,0.0,0.0
C1476,453,경상남도,6.0,0.0,5.0,70.0,298,154,0,1,0,0.018236972471311216,0.9817630275286888,0.0,0.0,1.0,0.018575737688164572,0.0,0.0
C1077,861,경상남도,21.0,0.0,5.0,236.0,0,258,277,326,0,0.0,1.0,0.0,1.0,0.0,0.0,0.0,0.0
C1068,806,충청남도,11.0,,2.0,510.0,0,330,384,91,0,0.0,1.0,0.0,1.0,0.0,0.0,0.0,0.0
C1983,903,충청남도,3.0,,4.0,253.0,478,423,0,1,1,0.016285572201565655,0.9837144277984343,0.4157778090244997,0.0,0.5842221909755003,0.016555182826801653,0.0,0.0
C2135,1116,부산광역시,10.0,1.0,3.0,127.0,664,450,0,1,1,0.020716926850003668,0.9792830731499963,0.0,0.0,1.0,0.02115519752972435,0.0,0.0
C2034,1486,부산광역시,2.0,1.0,3.0,132.0,727,756,0,2,1,0.022904835014826215,0.9770951649851738,0.0,0.0,1.0,0.023441764769323945,0.0,0.0
C1109,1957,부산광역시,1.0,1.0,2.0,313.0,1503,452,0,1,1,0.01735706860036,0.98264293139964,0.0,0.0,1.0,0.01766365792265685,0.0,0.0
C1497,802,부산광역시,7.0,1.0,14.0,382.0,0,802,0,0,0,0.0,1.0,1.0,0.0,0.0,0.0,0.0,0.0
C2289,1527,부산광역시,2.0,0.0,3.0,364.0,970,550,0,6,1,0.03256217887737916,0.9674378211226209,0.0,0.0,1.0,0.03365816196806716,0.0,0.0
C2597,1005,부산광역시,25.0,0.0,2.0,94.0,760,239,2,3,1,0.03904926447753096,0.960950735522469,0.0,0.0,1.0,0.04063607324916596,0.0,0.0
C2310,1988,부산광역시,1.0,0.0,2.0,189.0,1670,311,0,6,1,0.026041506039695763,0.9739584939603042,0.0,0.0,1.0,0.026737798582982676,0.0,0.0
C1672,1350,부산광역시,15.0,0.0,1.0,873.0,0,0,0,1350,0,0.0,1.0,0.0,1.0,0.0,0.0,0.0,0.0
C2132,2428,부산광역시,1.0,0.0,1.0,359.0,1565,854,1,6,2,0.03453275690631371,0.9654672430936864,0.0,0.0,1.0,0.03576792185683999,0.0,0.0
C1439,1755,부산광역시,29.0,1.0,3.0,172.0,1499,131,122,1,2,0.0392342063270848,0.9607657936729151,0.0,0.0,1.0,0.040836389664848705,0.0,0.0
C1613,840,부산광역시,7.0,1.0,1.0,498.0,0,0,0,840,0,0.0,1.0,0.0,1.0,0.0,0.0,0.0,0.0
C2216,390,충청남도,2.0,,1.0,149.0,0,390,0,0,0,0.0,1.0,1.0,0.0,0.0,0.0,0.0,0.0
C1899,451,경상남도,0.0,0.0,4.0,31.0,298,153,0,0,0,0.010147518362740589,0.9898524816372595,0.0,0.0,1.0,0.010251546115190972,0.0,0.0
C1056,410,제주특별자치도,0.0,0.0,10.0,125.0,200,210,0,0,0,0.027254673697185507,0.9727453263028145,0.0,0.0,1.0,0.028018303414290742,0.0,0.0
C2644,779,충청남도,7.0,,12.0,177.0,388,387,3,0,0,0.0059435399762562905,0.9940564600237437,0.5876008923874994,0.0,0.4123991076125007,0.0059790768585864075,0.0,0.0
C1206,755,강원도,1.0,0.0,4.0,90.0,239,247,0,1,1,0.03200620620901726,0.9679937937909828,0.0,0.0,1.0,0.03306447460129926,0.0,0.0
C2481,693,울산광역시,2.0,0.0,2.0,302.0,0,435,258,0,0,0.0,1.0,0.0,1.0,0.0,0.0,0.0,0.0
C1718,753,울산광역시,23.0,0.0,2.0,496.0,0,0,566,187,0,0.0,1.0,0.0,1.0,0.0,0.0,0.0,0.0
C1430,1533,부산광역시,32.0,0.0,3.0,839.0,0,0,0,1533,0,0.0,1.0,0.0,1.0,0.0,0.0,0.0,0.0
C1775,711,제주특별자치도,5.0,0.0,8.0,96.0,360,350,0,0,1,0.028721722091916403,0.9712782779080836,0.0,0.0,1.0,0.029571053677609857,0.0,0.0
C1519,420,제주특별자치도,0.0,0.0,0.0,235.0,0,252,168,0,0,0.0,1.0,0.0,1.0,0.0,0.0,0.0,0.0
C2221,590,제주특별자치도,1.0,0.0,3.0,359.0,0,0,590,0,0,0.0,1.0,1.0,0.0,0.0,0.0,0.0,0.0
C1790,657,경상남도,2.0,0.0,4.0,120.0,265,388,1,2,1,0.055959735059226995,0.944040264940773,0.0,0.0,1.0,0.0592768519918351,0.0,0.0
C2109,495,경상남도,2.0,0.0,4.0,60.0,288,206,0,0,1,0.04085581589223503,0.959144184107765,0.0,0.0,1.0,0.042596114921179214,0.0,0.0
C1698,460,경상남도,1.0,0.0,3.0,65.0,0,460,0,0,0,0.007125400387568507,0.9928745996124314,0.0,0.0,1.0,0.007176536080538174,0.0,0.0
C1005,1144,충청남도,16.0,,8.0,376.0,0,0,0,1144,0,0.0,1.0,0.0,1.0,0.0,0.0,0.0,0.0
C1875,1003,충청남도,5.0,,8.0,209.0,849,152,0,1,1,0.025799192693721197,0.9742008073062788,0.0,0.0,1.0,0.026482417690719687,0.0,0.0
C2156,306,충청남도,0.0,,1.0,204.0,0,240,0,65,0,0.0,1.0,0.0,1.0,0.0,0.0,0.0,0.0
C2212,697,강원도,0.0,0.0,4.0,86.0,298,394,0,4,1,0.02832180956575491,0.9716781904342451,0.0,0.0,1.0,0.029147314249276125,0.0,0.0
C2401,213,강원도,21.0,0.0,3.0,19.0,0,65,104,44,0,0.0,1.0,0.0,1.0,0.0,0.0,0.0,0.0
C2571,481,경상남도,5.0,0.0,1.0,62.0,468,12,0,0,1,0.0395902221731081,0.960409777826892,0.0,0.0,1.0,0.04122221898103582,0.0,0.0
C1175,468,충청남도,15.0,,2.0,430.0,0,0,198,270,0,0.0,1.0,0.0,1.0,0.0,0.0,0.0,0.0
C1833,1364,제주특별자치도,19.0,0.0,5.0,1001.0,0,802,342,220,0,0.0,1.0,0.0,1.0,0.0,0.0,0.0,0.0
C2445,800,충청북도,16.0,0.0,4.0,334.0,0,522,135,143,0,0.0,1.0,0.0,1.0,0.0,0.0,0.0,0.0
C1885,830,전라남도,14.0,0.0,4.0,616.0,0,498,332,0,0,0.0,1.0,0.0,1.0,0.0,0.0,0.0,0.0
C2368,775,전라남도,10.0,0.0,4.0,548.0,0,465,0,310,0,0.0,1.0,0.0,1.0,0.0,0.0,0.0,0.0
C2016,261,충청북도,15.0,0.0,2.0,220.0,0,128,133,0,0,0.0,1.0,0.0,1.0,0.0,0.0,0.0,0.0
C2371,474,경상북도,20.0,0.0,1.0,451.0,0,264,164,46,0,0.0,1.0,0.0,1.0,0.0,0.0,0.0,0.0
C2536,72,전라북도,7.0,0.0,1.0,47.0,0,48,24,0,0,0.0,1.0,0.0,1.0,0.0,0.0,0.0,0.0
C2538,1473,경기도,13.0,0.0,3.0,799.0,188,706,296,283,0,0.0,1.0,0.0,1.0,0.0,0.0,0.0,0.0
C1014,996,전라북도,5.0,0.0,2.0,708.0,0,516,280,200,0,0.0,1.0,0.0,1.0,0.0,0.0,0.0,0.0
C1592,870,강원도,13.0,0.0,5.0,739.0,0,528,206,136,0,0.0,1.0,0.0,1.0,0.0,0.0,0.0,0.0
C1867,678,경상남도,26.0,0.0,2.0,374.0,0,454,84,140,0,0.0,1.0,0.0,1.0,0.0,0.0,0.0,0.0
C2326,632,충청북도,15.0,0.0,4.0,557.0,0,458,174,0,0,0.0,1.0,0.0,1.0,0.0,0.0,0.0,0.0
C1015,961,부산광역시,28.0,0.0,3.0,579.0,0,475,380,106,0,0.0,1.0,0.0,1.0,0.0,0.0,0.0,0.0
C1620,1232,광주광역시,22.0,0.0,4.0,1101.0,0,709,523,0,0,0.0,1.0,0.0,1.0,0.0,0.0,0.0,0.0
C1049,676,광주광역시,18.0,0.0,3.0,762.0,0,389,0,287,0,0.0,1.0,0.0,1.0,0.0,0.0,0.0,0.0
C2000,1300,경상남도,21.0,0.0,2.0,795.0,0,450,700,150,0,0.0,1.0,0.0,1.0,0.0,0.0,0.0,0.0
C2097,998,경상북도,29.0,0.0,2.0,995.0,0,551,359,88,0,0.0,1.0,0.0,1.0,0.0,0.0,0.0,0.0
C1668,493,전라남도,7.0,0.0,4.0,288.0,0,221,152,120,0,0.0,1.0,0.0,1.0,0.0,0.0,0.0,0.0
C1689,1117,경기도,4.0,1.0,3.0,960.0,186,444,339,148,0,0.0,1.0,0.0,1.0,0.0,0.0,0.0,0.0
C1234,307,강원도,1.0,0.0,2.0,311.0,0,0,0,307,0,0.0,1.0,0.0,1.0,0.0,0.0,0.0,0.0
C2514,501,경상남도,10.0,0.0,1.0,648.0,0,0,224,277,0,0.0,1.0,0.0,1.0,0.0,0.0,0.0,0.0
C1368,896,경상북도,29.0,0.0,10.0,861.0,0,176,180,540,0,0.0,1.0,0.0,1.0,0.0,0.0,0.0,0.0
C1057,521,경상북도,24.0,0.0,4.0,521.0,0,134,135,252,0,0.0,1.0,0.0,1.0,0.0,0.0,0.0,0.0
C2256,409,경상남도,7.0,0.0,1.0,344.0,88,131,132,58,0,0.0,1.0,0.0,1.0,0.0,0.0,0.0,0.0
C1900,586,전라북도,2.0,0.0,2.0,596.0,0,236,206,144,0,0.0,1.0,0.0,1.0,0.0,0.0,0.0,0.0
C2666,1084,부산광역시,23.0,0.0,1.0,701.0,0,458,626,0,0,0.0,1.0,0.0,1.0,0.0,0.0,0.0,0.0
C2361,1174,경기도,9.0,0.0,4.0,1117.0,0,422,382,370,0,0.0,1.0,0.0,1.0,0.0,0.0,0.0,0.0
C1642,270,전라남도,14.0,0.0,6.0,297.0,0,120,150,0,0,0.0,1.0,0.0,1.0,0.0,0.0,0.0,0.0
C1013,1308,광주광역시,16.0,0.0,6.0,1665.0,0,291,757,260,0,0.0,1.0,0.0,1.0,0.0,0.0,0.0,0.0
C1973,384,광주광역시,15.0,0.0,3.0,457.0,0,84,0,300,0,0.0,1.0,0.0,1.0,0.0,0.0,0.0,0.0
C2458,853,광주광역시,28.0,0.0,3.0,910.0,0,0,551,302,0,0.0,1.0,0.0,1.0,0.0,0.0,0.0,0.0
C2574,996,광주광역시,14.0,0.0,6.0,826.0,0,444,390,162,0,0.0,1.0,0.0,1.0,0.0,0.0,0.0,0.0
C2133,355,광주광역시,10.0,0.0,3.0,328.0,0,128,143,84,0,0.0,1.0,0.0,1.0,0.0,0.0,0.0,0.0
C2096,492,광주광역시,11.0,0.0,2.0,525.0,0,248,244,0,0,0.0,1.0,0.0,1.0,0.0,0.0,0.0,0.0
C2010,861,광주광역시,15.0,0.0,3.0,690.0,0,498,363,0,0,0.0,1.0,0.0,1.0,0.0,0.0,0.0,0.0
C1879,711,광주광역시,12.0,0.0,2.0,713.0,0,0,355,356,0,0.0,1.0,0.0,1.0,0.0,0.0,0.0,0.0
C1131,901,광주광역시,10.0,0.0,7.0,1019.0,0,0,0,901,0,0.0,1.0,0.0,1.0,0.0,0.0,0.0,0.0
C1468,815,광주광역시,17.0,0.0,1.0,810.0,0,503,312,0,0,0.0,1.0,0.0,1.0,0.0,0.0,0.0,0.0
C1213,312,전라북도,8.0,0.0,6.0,148.0,0,177,135,0,0,0.0,1.0,0.0,1.0,0.0,0.0,0.0,0.0
C1173,571,충청남도,7.0,0.0,2.0,609.0,0,98,401,72,0,0.0,1.0,0.0,1.0,0.0,0.0,0.0,0.0
C2492,594,경상북도,23.0,0.0,5.0,585.0,0,120,0,474,0,0.0,1.0,0.0,1.0,0.0,0.0,0.0,0.0
C2032,944,경상남도,23.0,0.0,1.0,1162.0,0,0,0,944,0,0.0,1.0,0.0,1.0,0.0,0.0,0.0,0.0
C2094,410,경상남도,16.0,0.0,20.0,318.0,0,223,187,0,0,0.0,1.0,0.0,1.0,0.0,0.0,0.0,0.0
C1880,635,경상남도,15.0,0.0,20.0,761.0,0,0,0,635,0,0.0,1.0,0.0,1.0,0.0,0.0,0.0,0.0
C2089,962,경상남도,27.0,0.0,1.0,572.0,0,473,129,360,0,0.0,1.0,0.0,1.0,0.0,0.0,0.0,0.0
C2046,1129,경기도,10.0,0.0,4.0,1306.0,0,0,446,683,0,0.0,1.0,0.0,1.0,0.0,0.0,0.0,0.0
C2635,330,경기도,1.0,0.0,3.0,442.0,0,0,0,330,0,0.0,1.0,0.0,1.0,0.0,0.0,0.0,0.0
C2390,386,경기도,4.0,0.0,4.0,422.0,0,0,0,386,0,0.0,1.0,0.0,1.0,0.0,0.0,0.0,0.0
C2561,456,경기도,7.0,1.0,4.0,441.0,0,120,120,216,0,0.0,1.0,0.0,1.0,0.0,0.0,0.0,0.0
C1663,642,대전광역시,3.0,1.0,5.0,700.0,0,0,0,642,0,0.0,1.0,0.0,1.0,0.0,0.0,0.0,0.0
C2490,302,대구광역시,4.0,0.0,2.0,340.0,0,0,0,302,0,0.0,1.0,0.0,1.0,0.0,0.0,0.0,0.0
C2066,757,대구광역시,22.0,0.0,2.0,503.0,0,505,252,0,0,0.0,1.0,0.0,1.0,0.0,0.0,0.0,0.0
C1585,705,대구광역시,12.0,1.0,3.0,718.0,0,294,411,0,0,0.0,1.0,0.0,1.0,0.0,0.0,0.0,0.0
C2276,1072,대전광역시,18.0,0.0,4.0,1159.0,0,0,0,1072,0,0.0,1.0,0.0,1.0,0.0,0.0,0.0,0.0
C1155,375,대전광역시,9.0,1.0,10.0,373.0,0,0,0,375,0,0.0,1.0,0.0,1.0,0.0,0.0,0.0,0.0
C1693,853,대전광역시,20.0,0.0,6.0,1087.0,0,0,125,728,0,0.0,1.0,0.0,1.0,0.0,0.0,0.0,0.0
C1889,1018,경기도,14.0,0.0,2.0,808.0,0,177,180,661,0,0.0,1.0,0.0,1.0,0.0,0.0,0.0,0.0
C1962,416,강원도,9.0,0.0,3.0,401.0,0,0,0,416,0,0.0,1.0,0.0,1.0,0.0,0.0,0.0,0.0
C1666,708,전라남도,20.0,0.0,4.0,465.0,0,279,279,150,0,0.0,1.0,0.0,1.0,0.0,0.0,0.0,0.0
C1988,475,전라남도,12.0,0.0,2.0,402.0,0,243,232,0,0,0.0,1.0,0.0,1.0,0.0,0.0,0.0,0.0
C1537,662,충청남도,17.0,0.0,3.0,669.0,0,0,0,662,0,0.0,1.0,0.0,1.0,0.0,0.0,0.0,0.0
C1762,462,전라북도,4.0,0.0,2.0,460.0,0,0,0,462,0,0.0,1.0,0.0,1.0,0.0,0.0,0.0,0.0
C2008,781,경기도,7.0,2.0,5.0,548.0,0,266,248,267,0,0.0,1.0,0.0,1.0,0.0,0.0,0.0,0.0
C1319,496,경상남도,16.0,0.0,1.0,398.0,82,204,82,128,0,0.0,1.0,0.0,1.0,0.0,0.0,0.0,0.0
C1141,630,경상남도,28.0,0.0,2.0,620.0,0,189,159,282,0,0.0,1.0,0.0,1.0,0.0,0.0,0.0,0.0
C2340,512,서울특별시,15.0,0.0,3.0,382.0,0,512,0,0,0,0.0,1.0,1.0,0.0,0.0,0.0,0.0,0.0
C1929,492,충청남도,19.0,0.0,4.0,413.0,0,180,148,164,0,0.0,1.0,0.0,1.0,0.0,0.0,0.0,0.0
C1681,534,경기도,9.0,0.0,7.0,520.0,0,225,220,89,0,0.0,1.0,0.0,1.0,0.0,0.0,0.0,0.0
C2383,762,경기도,14.0,0.0,3.0,832.0,0,278,290,194,0,0.0,1.0,0.0,1.0,0.0,0.0,0.0,0.0
C2173,775,경기도,4.0,1.0,2.0,745.0,0,246,336,193,0,0.0,1.0,0.0,1.0,0.0,0.0,0.0,0.0
C1911,890,부산광역시,21.0,1.0,2.0,831.0,0,0,0,890,0,0.0,1.0,0.0,1.0,0.0,0.0,0.0,0.0
C1638,494,전라북도,10.0,0.0,6.0,413.0,0,0,71,423,0,0.0,1.0,0.0,1.0,0.0,0.0,0.0,0.0
C2412,571,전라남도,10.0,0.0,2.0,487.0,0,324,175,72,0,0.0,1.0,0.0,1.0,0.0,0.0,0.0,0.0
C1871,550,전라남도,15.0,0.0,4.0,408.0,0,217,333,0,0,0.0,1.0,0.0,1.0,0.0,0.0,0.0,0.0
C1309,383,전라남도,15.0,0.0,4.0,446.0,0,87,206,90,0,0.0,1.0,0.0,1.0,0.0,0.0,0.0,0.0
C1527,996,경상북도,23.0,0.0,4.0,1150.0,0,0,344,652,0,0.0,1.0,0.0,1.0,0.0,0.0,0.0,0.0
C2208,882,경기도,16.0,0.0,2.0,840.0,0,307,437,138,0,0.0,1.0,0.0,1.0,0.0,0.0,0.0,0.0
C1940,615,경기도,16.0,0.0,2.0,709.0,0,114,373,128,0,0.0,1.0,0.0,1.0,0.0,0.0,0.0,0.0
C2227,477,경기도,9.0,0.0,8.0,505.0,0,187,176,114,0,0.0,1.0,0.0,1.0,0.0,0.0,0.0,0.0
C2563,496,경기도,9.0,0.0,2.0,449.0,0,290,206,0,0,0.0,1.0,0.0,1.0,0.0,0.0,0.0,0.0
C2358,1260,경상남도,24.0,0.0,8.0,1010.0,0,554,706,0,0,0.0,1.0,0.0,1.0,0.0,0.0,0.0,0.0
C1492,390,경기도,15.0,0.0,2.0,296.0,0,275,115,0,0,0.0,1.0,0.0,1.0,0.0,0.0,0.0,0.0
C1601,330,경기도,13.0,0.0,4.0,308.0,0,0,123,207,0,0.0,1.0,0.0,1.0,0.0,0.0,0.0,0.0
C1687,773,경기도,26.0,0.0,3.0,349.0,0,348,425,0,0,0.0,1.0,0.0,1.0,0.0,0.0,0.0,0.0
C1236,1124,경기도,29.0,0.0,2.0,657.0,0,254,870,0,0,0.0,1.0,0.0,1.0,0.0,0.0,0.0,0.0
C1487,550,경기도,15.0,0.0,8.0,505.0,0,0,0,550,0,0.0,1.0,0.0,1.0,0.0,0.0,0.0,0.0
C1379,324,경기도,10.0,0.0,2.0,294.0,0,204,120,0,0,0.0,1.0,0.0,1.0,0.0,0.0,0.0,0.0
C1386,1497,전라남도,15.0,0.0,5.0,1145.0,0,841,656,0,0,0.0,1.0,0.0,1.0,0.0,0.0,0.0,0.0
C1656,531,전라남도,7.0,0.0,2.0,257.0,0,104,251,176,0,0.0,1.0,0.0,1.0,0.0,0.0,0.0,0.0
C2526,355,경상북도,16.0,0.0,2.0,321.0,0,92,0,263,0,0.0,1.0,0.0,1.0,0.0,0.0,0.0,0.0
C1022,389,경기도,4.0,0.0,4.0,450.0,0,0,389,0,0,0.0,1.0,0.0,1.0,0.0,0.0,0.0,0.0
C1896,712,경기도,3.0,0.0,2.0,845.0,0,252,318,142,0,0.0,1.0,0.0,1.0,0.0,0.0,0.0,0.0
C1269,561,경기도,1.0,0.0,3.0,643.0,0,153,156,252,0,0.0,1.0,0.0,1.0,0.0,0.0,0.0,0.0
C1916,816,경기도,2.0,1.0,4.0,752.0,0,279,274,263,0,0.0,1.0,0.0,1.0,0.0,0.0,0.0,0.0
C2070,898,경기도,6.0,0.0,3.0,735.0,0,242,234,422,0,0.0,1.0,0.0,1.0,0.0,0.0,0.0,0.0
C1967,581,경기도,6.0,0.0,3.0,639.0,0,238,343,0,0,0.0,1.0,0.0,1.0,0.0,0.0,0.0,0.0
C2021,851,경기도,7.0,0.0,3.0,902.0,0,225,347,279,0,0.0,1.0,0.0,1.0,0.0,0.0,0.0,0.0
C1143,693,경기도,3.0,1.0,11.0,632.0,0,455,238,0,0,0.0,1.0,0.0,1.0,0.0,0.0,0.0,0.0
C2188,136,경기도,3.0,0.0,2.0,125.0,0,136,0,0,0,0.0,1.0,0.0,1.0,0.0,0.0,0.0,0.0
C2651,225,경기도,5.0,0.0,2.0,282.0,0,113,112,0,0,0.0,1.0,0.0,1.0,0.0,0.0,0.0,0.0
C1036,742,경기도,13.0,0.0,3.0,1279.0,0,135,387,220,0,0.0,1.0,0.0,1.0,0.0,0.0,0.0,0.0
C2657,866,경기도,7.0,0.0,4.0,782.0,0,238,464,164,0,0.0,1.0,0.0,1.0,0.0,0.0,0.0,0.0
C1502,407,울산광역시,7.0,0.0,5.0,438.0,0,0,407,0,0,0.0,1.0,0.0,1.0,0.0,0.0,0.0,0.0
C2262,720,울산광역시,30.0,0.0,4.0,540.0,0,248,187,285,0,0.0,1.0,0.0,1.0,0.0,0.0,0.0,0.0
C1084,280,경상북도,2.0,0.0,2.0,226.0,0,96,136,48,0,0.0,1.0,0.0,1.0,0.0,0.0,0.0,0.0
C2530,307,강원도,19.0,0.0,5.0,302.0,0,53,45,209,0,0.0,1.0,0.0,1.0,0.0,0.0,0.0,0.0
C1046,232,강원도,9.0,0.0,4.0,156.0,0,174,0,58,0,0.0,1.0,0.0,1.0,0.0,0.0,0.0,0.0
C1761,602,강원도,18.0,0.0,2.0,730.0,0,150,236,216,0,0.0,1.0,0.0,1.0,0.0,0.0,0.0,0.0
C1102,522,강원도,21.0,0.0,7.0,417.0,0,180,252,90,0,0.0,1.0,0.0,1.0,0.0,0.0,0.0,0.0
C2420,457,대구광역시,3.0,1.0,8.0,505.0,0,119,78,260,0,0.0,1.0,0.0,1.0,0.0,0.0,0.0,0.0
C1122,808,대구광역시,7.0,2.0,2.0,1077.0,0,219,589,0,0,0.0,1.0,0.0,1.0,0.0,0.0,0.0,0.0
C2042,712,대구광역시,13.0,2.0,7.0,757.0,0,129,583,0,0,0.0,1.0,0.0,1.0,0.0,0.0,0.0,0.0
C1410,356,충청북도,10.0,0.0,3.0,815.0,0,208,0,148,0,0.0,1.0,0.0,1.0,0.0,0.0,0.0,0.0
C1706,467,경기도,7.0,1.0,5.0,362.0,0,160,0,307,0,0.0,1.0,0.0,1.0,0.0,0.0,0.0,0.0
C1307,506,경기도,9.0,0.0,3.0,504.0,0,155,164,187,0,0.0,1.0,0.0,1.0,0.0,0.0,0.0,0.0
C2601,243,경기도,7.0,0.0,3.0,281.0,0,0,0,243,0,0.0,1.0,0.0,1.0,0.0,0.0,0.0,0.0
C1085,525,경기도,4.0,0.0,2.0,521.0,0,270,255,0,0,0.0,1.0,0.0,1.0,0.0,0.0,0.0,0.0
C2385,445,경기도,4.0,0.0,4.0,552.0,0,0,240,205,0,0.0,1.0,0.0,1.0,0.0,0.0,0.0,0.0
C1059,514,전라북도,7.0,0.0,8.0,246.0,0,256,258,0,0,0.0,1.0,0.0,1.0,0.0,0.0,0.0,0.0
C1819,330,전라남도,15.0,0.0,1.0,272.0,0,0,0,330,0,0.0,1.0,0.0,1.0,0.0,0.0,0.0,0.0
C2325,378,전라북도,3.0,0.0,1.0,293.0,0,118,176,84,0,0.0,1.0,0.0,1.0,0.0,0.0,0.0,0.0
C2394,277,충청남도,20.0,0.0,2.0,254.0,0,86,102,89,0,0.0,1.0,0.0,1.0,0.0,0.0,0.0,0.0
C1133,856,전라북도,10.0,0.0,3.0,842.0,0,356,390,110,0,0.0,1.0,0.0,1.0,0.0,0.0,0.0,0.0
C1281,646,전라북도,4.0,0.0,3.0,484.0,0,433,213,0,0,0.0,1.0,0.0,1.0,0.0,0.0,0.0,0.0
C1194,511,제주특별자치도,3.0,0.0,4.0,585.0,0,0,0,511,0,0.0,1.0,0.0,1.0,0.0,0.0,0.0,0.0
C2308,285,강원도,3.0,0.0,1.0,244.0,0,0,0,285,0,0.0,1.0,0.0,1.0,0.0,0.0,0.0,0.0
C2036,256,강원도,2.0,0.0,1.0,258.0,0,0,174,82,0,0.0,1.0,0.0,1.0,0.0,0.0,0.0,0.0
C1394,466,전라북도,0.0,0.0,1.0,271.0,0,245,221,0,0,0.0,1.0,0.0,1.0,0.0,0.0,0.0,0.0
C1180,314,전라북도,15.0,0.0,1.0,311.0,0,0,0,314,0,0.0,1.0,0.0,1.0,0.0,0.0,0.0,0.0
C2503,382,제주특별자치도,7.0,0.0,2.0,327.0,0,228,154,0,0,0.0,1.0,0.0,1.0,0.0,0.0,0.0,0.0
C1907,212,제주특별자치도,7.0,0.0,3.0,207.0,0,109,103,0,0,0.0,1.0,0.0,1.0,0.0,0.0,0.0,0.0
C2181,872,충청북도,15.0,0.0,6.0,683.0,0,542,135,195,0,0.0,1.0,0.0,1.0,0.0,0.0,0.0,0.0
C1768,508,충청북도,4.0,0.0,1.0,670.0,0,0,0,508,0,0.0,1.0,0.0,1.0,0.0,0.0,0.0,0.0
C1783,594,대구광역시,16.0,1.0,6.0,570.0,0,180,210,204,0,0.0,1.0,0.0,1.0,0.0,0.0,0.0,0.0
C2192,514,충청북도,16.0,0.0,2.0,324.0,0,352,162,0,0,0.0,1.0,0.0,1.0,0.0,0.0,0.0,0.0
C2346,558,충청북도,12.0,0.0,3.0,553.0,0,0,194,364,0,0.0,1.0,0.0,1.0,0.0,0.0,0.0,0.0
C2680,758,경상남도,19.0,0.0,7.0,590.0,0,486,272,0,0,0.0,1.0,0.0,1.0,0.0,0.0,0.0,0.0
C2631,812,경상남도,2.0,0.0,3.0,638.0,0,322,204,286,0,0.0,1.0,0.0,1.0,0.0,0.0,0.0,0.0
C2141,504,경상남도,2.0,0.0,6.0,495.0,0,120,384,0,0,0.0,1.0,0.0,1.0,0.0,0.0,0.0,0.0
C2099,332,강원도,3.0,0.0,2.0,383.0,0,80,196,56,0,0.0,1.0,0.0,1.0,0.0,0.0,0.0,0.0
C2287,409,충청북도,18.0,0.0,3.0,284.0,0,63,281,65,0,0.0,1.0,0.0,1.0,0.0,0.0,0.0,0.0
C2055,773,충청북도,22.0,0.0,4.0,723.0,0,257,336,180,0,0.0,1.0,0.0,1.0,0.0,0.0,0.0,0.0
C1428,375,강원도,6.0,0.0,2.0,333.0,0,109,182,84,0,0.0,1.0,0.0,1.0,0.0,0.0,0.0,0.0
C2522,747,강원도,13.0,0.0,2.0,610.0,0,381,186,180,0,0.0,1.0,0.0,1.0,0.0,0.0,0.0,0.0
C2560,372,강원도,3.0,0.0,1.0,481.0,0,0,0,372,0,0.0,1.0,0.0,1.0,0.0,0.0,0.0,0.0
C2603,538,충청북도,9.0,0.0,2.0,509.0,0,0,419,119,0,0.0,1.0,0.0,1.0,0.0,0.0,0.0,0.0
C1965,498,충청북도,13.0,0.0,5.0,500.0,0,258,180,60,0,0.0,1.0,0.0,1.0,0.0,0.0,0.0,0.0
C1660,718,경상남도,13.0,0.0,3.0,512.0,0,180,178,360,0,0.0,1.0,0.0,1.0,0.0,0.0,0.0,0.0
C2378,818,경기도,25.0,0.0,12.0,901.0,0,0,0,818,0,0.0,1.0,0.0,1.0,0.0,0.0,0.0,0.0
C1268,1035,경기도,21.0,0.0,16.0,934.0,0,384,453,198,0,0.0,1.0,0.0,1.0,0.0,0.0,0.0,0.0
C1994,431,경상남도,3.0,0.0,1.0,496.0,0,0,203,228,0,0.0,1.0,0.0,1.0,0.0,0.0,0.0,0.0
C1837,467,경상남도,21.0,0.0,4.0,398.0,0,232,117,118,0,0.0,1.0,0.0,1.0,0.0,0.0,0.0,0.0
C1000,566,충청북도,10.0,0.0,1.0,481.0,0,419,72,75,0,0.0,1.0,0.0,1.0,0.0,0.0,0.0,0.0
C1448,1116,광주광역시,25.0,0.0,2.0,1284.0,0,0,640,476,0,0.0,1.0,0.0,1.0,0.0,0.0,0.0,0.0
C1516,456,전라남도,8.0,0.0,1.0,475.0,0,314,142,0,0,0.0,1.0,0.0,1.0,0.0,0.0,0.0,0.0
C2670,648,전라북도,9.0,0.0,2.0,435.0,0,504,0,144,0,0.0,1.0,0.0,1.0,0.0,0.0,0.0,0.0
C1365,875,경기도,5.0,0.0,2.0,945.0,0,66,89,720,0,0.0,1.0,0.0,1.0,0.0,0.0,0.0,0.0
C1360,443,경상북도,22.0,0.0,2.0,375.0,0,172,199,72,0,0.0,1.0,0.0,1.0,0.0,0.0,0.0,0.0
C1406,1647,대전광역시,13.0,0.0,2.0,1350.0,0,1173,238,236,0,0.0,1.0,0.0,1.0,0.0,0.0,0.0,0.0
C1566,462,전라남도,13.0,0.0,6.0,284.0,0,298,80,84,0,0.0,1.0,0.0,1.0,0.0,0.0,0.0,0.0
C1227,806,경상남도,7.0,0.0,1.0,823.0,160,335,107,204,0,0.0,1.0,0.0,1.0,0.0,0.0,0.0,0.0
C1572,937,경상남도,32.0,0.0,3.0,479.0,0,590,234,113,0,0.0,1.0,0.0,1.0,0.0,0.0,0.0,0.0
C1773,840,경기도,15.0,0.0,4.0,614.0,141,315,272,112,0,0.0,1.0,0.0,1.0,0.0,0.0,0.0,0.0
C1677,1144,경기도,9.0,0.0,4.0,1101.0,240,378,276,250,0,0.0,1.0,0.0,1.0,0.0,0.0,0.0,0.0
C1344,424,서울특별시,0.0,0.0,3.0,509.0,0,0,0,300,0,0.0,1.0,1.0,0.0,0.0,0.0,0.0,0.0
C2692,499,경상북도,19.0,0.0,2.0,437.0,0,334,105,60,0,0.0,1.0,0.0,1.0,0.0,0.0,0.0,0.0
C2505,200,경상북도,2.0,0.0,2.0,163.0,0,150,50,0,0,0.0,1.0,0.0,1.0,0.0,0.0,0.0,0.0
C2587,603,경상북도,23.0,0.0,3.0,589.0,0,334,72,197,0,0.0,1.0,0.0,1.0,0.0,0.0,0.0,0.0
C1316,107,충청남도,7.0,0.0,2.0,22.0,0,96,0,11,0,0.0,1.0,0.0,1.0,0.0,0.0,0.0,0.0
C1674,318,전라남도,4.0,0.0,1.0,322.0,0,190,128,0,0,0.0,1.0,0.0,1.0,0.0,0.0,0.0,0.0
C1713,656,경상남도,2.0,0.0,1.0,566.0,0,454,90,112,0,0.0,1.0,0.0,1.0,0.0,0.0,0.0,0.0
C1845,306,강원도,0.0,0.0,3.0,277.0,0,156,120,30,0,0.0,1.0,0.0,1.0,0.0,0.0,0.0,0.0
C2082,970,경기도,19.0,0.0,2.0,822.0,176,332,326,136,0,0.0,1.0,0.0,1.0,0.0,0.0,0.0,0.0
C1328,992,경기도,36.0,0.0,15.0,770.0,160,410,262,160,0,0.0,1.0,0.0,1.0,0.0,0.0,0.0,0.0
C2565,1006,경상북도,33.0,0.0,3.0,1090.0,0,219,397,390,0,0.0,1.0,0.0,1.0,0.0,0.0,0.0,0.0
C1804,478,경기도,3.0,0.0,3.0,951.0,0,0,0,26,0,0.0,1.0,1.0,0.0,0.0,0.0,0.0,0.0
C1397,370,서울특별시,9.0,0.0,3.0,1595.0,51,0,73,246,0,0.0,1.0,0.0,0.0,0.0,0.0,1.0,0.0
C2255,560,충청남도,2.0,0.0,2.0,410.0,238,178,144,0,0,0.0,1.0,0.0,0.8709126053100648,0.12908739468993527,0.0,0.0,0.0
C1343,600,경기도,8.0,1.0,4.0,549.0,0,215,281,104,0,0.0,1.0,0.0,1.0,0.0,0.0,0.0,0.0
C2479,679,경기도,13.0,0.0,2.0,647.0,0,280,274,125,0,0.0,1.0,0.0,1.0,0.0,0.0,0.0,0.0
C2352,1065,서울특별시,7.0,0.0,4.0,793.0,192,557,316,0,0,0.0,1.0,0.0,0.8703002163642536,0.12969978363574633,0.0,0.0,0.0
C1310,1037,강원도,17.0,0.0,6.0,1084.0,150,630,105,152,0,0.0,1.0,0.0,1.0,0.0,0.0,0.0,0.0
C1738,715,경상남도,13.0,0.0,3.0,682.0,0,480,156,79,0,0.0,1.0,0.0,1.0,0.0,0.0,0.0,0.0
C1863,1099,충청북도,24.0,0.0,4.0,733.0,154,505,440,0,0,0.0,1.0,0.0,1.0,0.0,0.0,0.0,0.0
C1426,374,경상북도,2.0,0.0,2.0,262.0,96,118,0,160,0,0.0,1.0,0.0,1.0,0.0,0.0,0.0,0.0
C2659,504,경기도,3.0,1.0,3.0,365.0,116,278,110,0,0,0.0,1.0,0.0,0.8775704179696857,0.12242958203031429,0.0,0.0,0.0
C2489,1128,부산광역시,36.0,0.0,4.0,950.0,0,0,410,718,0,0.0,1.0,0.0,1.0,0.0,0.0,0.0,0.0
C2211,304,전라남도,4.0,0.0,1.0,244.0,0,268,36,0,0,0.0,1.0,0.0,1.0,0.0,0.0,0.0,0.0
C2314,600,대전광역시,13.0,0.0,2.0,343.0,260,268,72,0,0,0.0,1.0,0.0,0.6610635316746395,0.3389364683253604,0.0,0.0,0.0
C1861,690,전라북도,16.0,0.0,3.0,613.0,404,0,224,62,0,0.0,1.0,0.0,1.0,0.0,0.0,0.0,0.0
C2389,690,충청북도,21.0,0.0,3.0,561.0,0,375,135,180,0,0.0,1.0,0.0,1.0,0.0,0.0,0.0,0.0
C1490,749,충청북도,24.0,0.0,3.0,899.0,0,0,0,655,0,0.0,1.0,1.0,0.0,0.0,0.0,0.0,0.0
C1024,680,서울특별시,2.0,0.0,3.0,957.0,0,0,0,477,0,0.0,1.0,1.0,0.0,0.0,0.0,0.0,0.0
C1788,376,경상남도,28.0,0.0,3.0,412.0,0,0,0,376,0,0.0,1.0,1.0,0.0,0.0,0.0,0.0,0.0
C2620,1029,전라남도,28.0,0.0,6.0,1709.0,0,0,0,906,0,0.0,1.0,1.0,0.0,0.0,0.0,0.0,0.0
C1286,919,전라남도,27.0,0.0,2.0,881.0,0,0,0,919,0,0.0,1.0,1.0,0.0,0.0,0.0,0.0,0.0
C2085,969,서울특별시,0.0,0.0,3.0,1595.0,0,0,0,969,0,0.0,1.0,1.0,0.0,0.0,0.0,0.0,0.0
C1089,368,전라남도,14.0,0.0,2.0,309.0,0,230,87,51,0,0.0,1.0,0.0,1.0,0.0,0.0,0.0,0.0
C2237,70,충청남도,7.0,0.0,2.0,55.0,0,62,8,0,0,0.0,1.0,0.0,1.0,0.0,0.0,0.0,0.0
C1341,922,광주광역시,7.0,0.0,1.0,442.0,250,516,156,0,0,0.0,1.0,0.0,0.8128926419558956,0.18710735804410442,0.0,0.0,0.0
C1338,622,부산광역시,13.0,1.0,3.0,551.0,0,0,504,118,0,0.0,1.0,0.0,1.0,0.0,0.0,0.0,0.0
C1969,1366,대구광역시,29.0,0.0,2.0,886.0,304,794,268,0,0,0.0,1.0,0.0,0.9045667403111662,0.09543325968883379,0.0,0.0,0.0
C2274,1122,충청북도,34.0,0.0,3.0,713.0,296,446,380,0,0,0.0,1.0,0.0,1.0,0.0,0.0,0.0,0.0
C1699,752,경기도,7.0,0.0,7.0,606.0,0,438,138,176,0,0.0,1.0,0.0,1.0,0.0,0.0,0.0,0.0
C2251,886,경기도,16.0,0.0,3.0,870.0,34,282,450,120,0,0.0,1.0,0.0,1.0,0.0,0.0,0.0,0.0
C1340,552,전라북도,21.0,0.0,3.0,410.0,200,192,160,0,0,0.0,1.0,0.0,1.0,0.0,0.0,0.0,0.0
C2373,850,제주특별자치도,9.0,0.0,5.0,800.0,0,492,286,72,0,0.0,1.0,0.0,1.0,0.0,0.0,0.0,0.0
C1455,432,강원도,2.0,0.0,5.0,420.0,164,104,164,0,0,0.0,1.0,0.0,1.0,0.0,0.0,0.0,0.0
C1095,1256,경기도,37.0,0.0,3.0,505.0,66,458,418,314,0,0.0,1.0,0.0,1.0,0.0,0.0,0.0,0.0
C2137,960,경상북도,30.0,0.0,8.0,752.0,180,360,420,0,0,0.0,1.0,0.0,1.0,0.0,0.0,0.0,0.0
C1985,874,전라남도,28.0,0.0,4.0,630.0,0,376,322,176,0,0.0,1.0,0.0,1.0,0.0,0.0,0.0,0.0
C2583,1106,대전광역시,21.0,,2.0,982.0,240,722,144,0,0,0.0,1.0,0.0,0.8442524181808161,0.15574758181918394,0.0,0.0,0.0
C2450,483,경기도,8.0,0.0,5.0,451.0,0,262,173,48,0,0.0,1.0,0.0,1.0,0.0,0.0,0.0,0.0
C2329,1028,대구광역시,24.0,0.0,5.0,821.0,216,540,168,104,0,0.0,1.0,0.0,1.0,0.0,0.0,0.0,0.0
C1834,326,강원도,4.0,0.0,1.0,255.0,0,212,78,36,0,0.0,1.0,0.0,1.0,0.0,0.0,0.0,0.0
C1649,575,경상남도,15.0,,,855.0,0,0,0,575,0,0.0,1.0,1.0,0.0,0.0,0.0,0.0,0.0
C1848,532,광주광역시,9.0,0.0,3.0,625.0,0,0,0,532,0,0.0,1.0,1.0,0.0,0.0,0.0,0.0,0.0
C1743,791,대구광역시,16.0,1.0,1.0,1653.0,0,0,0,791,0,0.0,1.0,1.0,0.0,0.0,0.0,0.0,0.0
C1402,344,충청북도,16.0,0.0,2.0,498.0,0,0,0,344,0,0.0,1.0,1.0,0.0,0.0,0.0,0.0,0.0
C1103,935,강원도,31.0,0.0,2.0,787.0,269,232,268,166,0,0.0,1.0,0.0,1.0,0.0,0.0,0.0,0.0
C1129,1444,경기도,2.0,1.0,10.0,1668.0,0,0,0,1444,0,0.0,1.0,1.0,0.0,0.0,0.0,0.0,0.0
C1027,452,경상남도,21.0,0.0,5.0,207.0,0,262,190,0,0,0.0,1.0,0.0,1.0,0.0,0.0,0.0,0.0
C2377,1105,경상남도,22.0,0.0,3.0,579.0,0,774,140,191,0,0.0,1.0,0.0,1.0,0.0,0.0,0.0,0.0
C2431,472,경상남도,16.0,0.0,2.0,359.0,0,272,200,0,0,0.0,1.0,0.0,1.0,0.0,0.0,0.0,0.0
C2661,354,제주특별자치도,12.0,0.0,6.0,330.0,140,110,104,0,0,0.0,1.0,0.0,1.0,0.0,0.0,0.0,0.0
C1263,268,충청북도,4.0,0.0,5.0,217.0,60,148,60,0,0,0.0,1.0,0.0,1.0,0.0,0.0,0.0,0.0
C1136,984,경기도,31.0,0.0,19.0,763.0,296,296,228,164,0,0.0,1.0,0.0,1.0,0.0,0.0,0.0,0.0
C2605,624,강원도,6.0,0.0,3.0,572.0,0,450,174,0,0,0.0,1.0,0.0,1.0,0.0,0.0,0.0,0.0
C2393,1546,경기도,1.0,1.0,2.0,922.0,248,1014,284,0,0,0.0,1.0,0.0,0.8050284875008126,0.19497151249918745,0.0,0.0,0.0
C1673,640,충청북도,22.0,0.0,1.0,526.0,180,280,180,0,0,0.0,1.0,0.0,1.0,0.0,0.0,0.0,0.0
C1017,1460,대전광역시,27.0,0.0,2.0,1246.0,324,580,556,0,0,0.0,1.0,0.0,1.0,0.0,0.0,0.0,0.0
C2539,396,충청남도,8.0,0.0,2.0,228.0,196,140,60,0,0,0.0,1.0,0.0,0.8859731201088806,0.11402687989111944,0.0,0.0,0.0
C1933,1022,광주광역시,8.0,0.0,3.0,1730.0,0,0,0,1022,0,0.0,1.0,1.0,0.0,0.0,0.0,0.0,0.0
C2316,1126,대구광역시,36.0,0.0,4.0,712.0,308,574,244,0,0,0.0,1.0,0.0,1.0,0.0,0.0,0.0,0.0
C2051,1164,세종특별자치시,0.0,0.0,3.0,780.0,0,0,0,1164,0,0.0,1.0,1.0,0.0,0.0,0.0,0.0,0.0
C2414,924,충청북도,13.0,0.0,4.0,1200.0,0,0,0,924,0,0.0,1.0,1.0,0.0,0.0,0.0,0.0,0.0
C1301,340,대구광역시,19.0,0.0,4.0,202.0,120,220,0,0,0,0.0,1.0,0.0,1.0,0.0,0.0,0.0,0.0
C2612,1684,세종특별자치시,27.0,0.0,2.0,1832.0,682,620,382,0,0,0.0,1.0,0.0,1.0,0.0,0.0,0.0,0.0
C2627,580,전라남도,18.0,0.0,2.0,404.0,270,138,172,0,0,0.0,1.0,0.0,0.8516689472855021,0.1483310527144979,0.0,0.0,0.0
C2040,198,충청북도,11.0,0.0,2.0,336.0,0,0,0,198,0,0.0,1.0,1.0,0.0,0.0,0.0,0.0,0.0
C2609,556,제주특별자치도,17.0,0.0,2.0,555.0,196,160,200,0,0,0.0,1.0,0.0,1.0,0.0,0.0,0.0,0.0
C2001,540,경기도,10.0,0.0,8.0,417.0,210,182,148,0,0,0.0,1.0,0.0,1.0,0.0,0.0,0.0,0.0
C1065,938,경상북도,37.0,0.0,3.0,1255.0,298,252,388,0,0,0.0,1.0,0.0,1.0,0.0,0.0,0.0,0.0
C1363,2568,경기도,11.0,0.0,6.0,2550.0,1290,564,714,0,0,0.0,1.0,0.0,0.840492089481246,0.159507910518754,0.0,0.0,0.0
C2579,1058,경기도,16.0,0.0,4.0,751.0,474,368,133,83,0,0.0,1.0,0.0,1.0,0.0,0.0,0.0,0.0
C1048,368,경기도,15.0,0.0,3.0,243.0,176,128,64,0,0,0.0,1.0,0.0,1.0,0.0,0.0,0.0,0.0
C1210,1088,대구광역시,39.0,0.0,4.0,586.0,716,372,0,0,0,0.0,1.0,0.0,0.0,0.0,0.0,0.0,1.0
C1320,1696,경상남도,35.0,0.0,4.0,924.0,616,728,352,0,0,0.0,1.0,0.0,1.0,0.0,0.0,0.0,0.0
C1941,404,경상남도,19.0,0.0,3.0,600.0,0,0,0,404,0,0.0,1.0,1.0,0.0,0.0,0.0,0.0,0.0
C1326,1934,부산광역시,43.0,0.0,4.0,1153.0,1166,464,304,0,0,0.0,1.0,0.0,1.0,0.0,0.0,0.0,0.0
C1685,295,충청북도,28.0,0.0,1.0,164.0,215,72,8,0,0,0.0,1.0,0.0,0.0,0.0,0.0,0.0,1.0
C2618,1550,경기도,40.0,0.0,7.0,783.0,774,408,368,0,0,0.0,1.0,0.0,0.8398855846571771,0.16011441534282297,0.0,0.0,0.0
C1451,1618,경기도,38.0,0.0,3.0,1044.0,714,600,304,0,0,0.0,1.0,0.0,0.8889483131138599,0.11105168688614016,0.0,0.0,0.0
C2143,363,강원도,2.0,0.0,2.0,719.0,0,0,0,363,0,0.0,1.0,1.0,0.0,0.0,0.0,0.0,0.0
C1968,514,강원도,0.0,0.0,3.0,220.0,410,52,52,0,0,0.0,1.0,0.0,0.7659092317599919,0.23409076824000796,0.0,0.0,0.0
C2470,636,대전광역시,1.0,1.0,2.0,887.0,0,96,264,46,0,0.0,1.0,1.0,0.0,0.0,0.0,0.0,0.0
C1258,840,경상남도,0.0,0.0,3.0,616.0,400,330,110,0,0,0.0,1.0,0.0,0.8765524279384613,0.12344757206153871,0.0,0.0,0.0
C2453,659,경기도,7.0,2.0,3.0,559.0,372,156,130,0,0,0.0,1.0,0.0,0.8566142195188564,0.14338578048114356,0.0,0.0,0.0
C1724,1256,경상남도,1.0,0.0,6.0,701.0,850,406,0,0,0,0.0,1.0,0.0,0.1936198240598376,0.05765626356416618,0.0,0.0,0.7487239123759961
C1802,1438,세종특별자치시,3.0,0.0,2.0,1983.0,0,0,0,1438,0,0.0,1.0,1.0,0.0,0.0,0.0,0.0,0.0
C1939,2334,경기도,13.0,0.0,3.0,1896.0,1014,660,660,0,0,0.0,1.0,0.0,1.0,0.0,0.0,0.0,0.0
C1284,528,경상남도,0.0,0.0,5.0,780.0,0,0,0,528,0,0.0,1.0,1.0,0.0,0.0,0.0,0.0,0.0
C2595,867,경상남도,2.0,0.0,5.0,1359.0,0,0,0,867,0,0.0,1.0,1.0,0.0,0.0,0.0,0.0,0.0
C2351,542,경기도,6.0,0.0,4.0,646.0,0,0,0,542,0,0.0,1.0,1.0,0.0,0.0,0.0,0.0,0.0
C1697,526,경기도,4.0,0.0,3.0,854.0,0,0,0,526,0,0.0,1.0,1.0,0.0,0.0,0.0,0.0,0.0
C2259,947,경기도,5.0,0.0,2.0,1378.0,0,0,0,947,0,0.0,1.0,1.0,0.0,0.0,0.0,0.0,0.0
C1786,480,강원도,25.0,0.0,3.0,345.0,388,92,0,0,0,0.0,1.0,0.0,0.0,0.0,0.0,0.0,1.0
C1652,890,서울특별시,20.0,1.0,8.0,509.0,524,232,134,0,0,0.0,1.0,0.0,0.0,0.0,0.0,0.0,1.0
C1565,1020,대구광역시,42.0,0.0,3.0,588.0,650,370,0,0,0,0.0,1.0,0.0,0.0,0.0,0.0,0.0,1.0
C1910,616,전라북도,21.0,0.0,2.0,396.0,412,200,0,0,0,0.0,1.0,0.0,0.0,0.0,0.0,0.0,1.0
C2139,311,경상남도,11.0,0.0,4.0,155.0,108,138,60,0,0,0.0,1.0,0.0,1.0,0.0,0.0,0.0,0.0
C1979,270,경기도,17.0,0.0,4.0,133.0,135,135,0,0,0,0.0,1.0,0.0,0.0,0.0,0.0,0.0,1.0
C1803,100,울산광역시,13.0,0.0,2.0,78.0,66,34,0,0,0,0.0,1.0,0.0,0.0,0.0,0.0,0.0,1.0
C2508,847,전라북도,13.0,0.0,3.0,568.0,524,226,92,0,0,0.0,1.0,0.0,0.7188810426445682,0.2811189573554318,0.0,0.0,0.0
C2531,540,제주특별자치도,22.0,0.0,6.0,358.0,318,126,96,0,0,0.0,1.0,0.0,0.543341181119215,0.0,0.0,0.0,0.4566588188807849
C1695,203,전라남도,12.0,0.0,4.0,123.0,128,72,0,0,0,0.0,1.0,0.0,0.0,0.0,0.0,0.0,1.0
C2556,303,울산광역시,21.0,0.0,2.0,148.0,0,232,68,0,0,0.0,1.0,0.0,1.0,0.0,0.0,0.0,0.0
C2086,1080,세종특별자치시,7.0,0.0,2.0,1524.0,0,0,0,1080,0,0.0,1.0,1.0,0.0,0.0,0.0,0.0,0.0
C1544,442,대구광역시,10.0,0.0,2.0,713.0,0,0,0,442,0,0.0,1.0,1.0,0.0,0.0,0.0,0.0,0.0
C2496,818,전라북도,0.0,0.0,3.0,1400.0,0,0,0,818,0,0.0,1.0,1.0,0.0,0.0,0.0,0.0,0.0
C1756,404,울산광역시,1.0,0.0,3.0,609.0,0,0,0,404,0,0.0,1.0,1.0,0.0,0.0,0.0,0.0,0.0
C2362,1509,경기도,46.0,0.0,2.0,196.0,1074,426,0,0,0,0.0,1.0,0.0,0.0,0.0,0.0,0.0,1.0
C2568,412,경상북도,31.0,0.0,2.0,189.0,260,150,0,0,0,0.0,1.0,0.0,0.0,0.0,0.0,0.0,1.0
C2245,212,경상남도,22.0,0.0,1.0,98.0,146,64,0,0,0,0.0,1.0,0.0,0.0,0.0,0.0,0.0,1.0
C2059,26,경기도,1.0,1.0,3.0,13.0,12,14,0,0,0,0.0,1.0,0.0,0.0,0.0,0.0,0.0,1.0
C2549,202,제주특별자치도,17.0,0.0,2.0,165.0,120,80,0,0,0,0.0,1.0,0.0,0.0,0.0,0.0,0.0,1.0
C1584,1227,경기도,40.0,0.0,3.0,507.0,850,370,0,0,0,0.0,1.0,0.0,0.0,0.0,0.0,0.0,1.0
C2298,581,대전광역시,21.0,0.0,3.0,444.0,330,248,0,0,0,0.0,1.0,0.0,0.0,0.0,0.0,0.0,1.0
C2225,1206,경상남도,49.0,0.0,3.0,448.0,750,450,0,0,0,0.0,1.0,0.0,0.0,0.0,0.0,0.0,1.0
C1218,1048,경기도,28.0,0.0,6.0,921.0,516,524,0,0,0,0.0,1.0,0.0,0.0,0.0,0.0,0.0,1.0
C2328,1077,충청북도,4.0,0.0,2.0,1374.0,0,0,0,1077,0,0.0,1.0,1.0,0.0,0.0,0.0,0.0,0.0
C1045,464,강원도,13.0,0.0,2.0,266.0,176,178,110,0,0,0.0,1.0,0.0,1.0,0.0,0.0,0.0,0.0
C1207,100,광주광역시,10.0,0.0,6.0,59.0,76,24,0,0,0,0.0,1.0,0.0,0.0,0.0,0.0,0.0,1.0
C1970,214,광주광역시,16.0,0.0,6.0,159.0,140,60,0,0,0,0.0,1.0,0.0,0.0,0.0,0.0,0.0,1.0
C2433,511,경기도,19.0,0.0,2.0,130.0,284,224,0,0,0,0.0,1.0,0.0,0.0,0.0,0.0,0.0,1.0
C1156,1004,충청북도,47.0,0.0,3.0,505.0,614,384,0,0,0,0.0,1.0,0.0,0.0,0.0,0.0,0.0,1.0
C2142,954,울산광역시,41.0,0.0,5.0,396.0,340,390,216,0,0,0.0,1.0,0.0,1.0,0.0,0.0,0.0,0.0
C2153,362,전라남도,20.0,0.0,3.0,280.0,112,130,120,0,0,0.0,1.0,0.0,1.0,0.0,0.0,0.0,0.0
C2186,924,대구광역시,0.0,0.0,8.0,744.0,508,220,188,0,0,0.0,1.0,0.0,0.803566963699664,0.19643303630033596,0.0,0.0,0.0
C1176,1486,충청북도,55.0,0.0,3.0,619.0,348,538,600,0,0,0.0,1.0,0.0,1.0,0.0,0.0,0.0,0.0
C2446,2200,경기도,32.0,0.0,5.0,1204.0,984,560,656,0,0,0.0,1.0,0.0,0.0,0.0,0.0,0.0,1.0
C2586,90,제주특별자치도,7.0,0.0,3.0,57.0,54,36,0,0,0,0.0,1.0,0.0,0.0,0.0,0.0,0.0,1.0
C2035,492,강원도,24.0,0.0,1.0,246.0,156,156,180,0,0,0.0,1.0,0.0,1.0,0.0,0.0,0.0,0.0
C2020,40,부산광역시,7.0,1.0,2.0,19.0,25,15,0,0,0,0.0,1.0,0.0,0.0,0.0,0.0,0.0,1.0
C2437,90,충청북도,12.0,0.0,1.0,16.0,90,0,0,0,0,0.0,1.0,0.0,0.0,1.0,0.0,0.0,0.0
C2532,239,강원도,7.0,0.0,1.0,146.0,0,0,38,201,0,0.0,1.0,0.0,1.0,0.0,0.0,0.0,0.0
