단지코드,총세대수,지역,공가수,지하철역수,버스정류장수,등록차량수,전용면적_10_30,전용면적_30_40,전용면적_40_50,전용면적_50_100,전용면적_100이상,임대보증금,임대료,상가비율,아파트비율,공급유형_공공임대비율,공급유형_국민임대비율,공급유형_영구임대비율,공급유형_임대상가비율,공급유형_장기전세비율,공급유형_행복주택비율
C2483,900,경상북도,38.0,0.0,3.0,1015.0,0,149,0,751,0,25669161.111111112,173838.8777777778,0.0,1.0,0.0,1.0,0.0,0.0,0.0,0.0
C2515,545,경상남도,17.0,0.0,3.0,205.0,0,356,57,132,0,14035965.137614679,119431.26605504587,0.0,1.0,0.0,1.0,0.0,0.0,0.0,0.0
C1407,1216,대전광역시,13.0,1.0,1.0,1064.0,0,390,702,124,0,27604981.907894738,171132.23684210525,0.0,1.0,0.0,1.0,0.0,0.0,0.0,0.0
C1945,755,경기도,6.0,1.0,3.0,730.0,0,240,0,515,0,22449145.695364237,187414.2119205298,0.0,1.0,0.0,1.0,0.0,0.0,0.0,0.0
C1470,696,전라북도,14.0,0.0,2.0,553.0,0,254,196,246,0,19393988.50574713,125449.22413793103,0.0,1.0,0.0,1.0,0.0,0.0,0.0,0.0
C1898,566,전라북도,9.0,0.0,6.0,415.0,0,271,209,86,0,17573065.371024735,119608.03886925794,0.0,1.0,0.0,1.0,0.0,0.0,0.0,0.0
C1244,1722,경기도,10.0,0.0,10.0,1804.0,0,788,544,390,0,38710689.89547038,265752.38095238095,0.0,1.0,0.0,1.0,0.0,0.0,0.0,0.0
C1171,624,대전광역시,13.0,0.0,5.0,700.0,0,354,230,40,0,27334878.205128204,158131.66666666666,0.0,1.0,0.0,1.0,0.0,0.0,0.0,0.0
C2073,361,강원도,13.0,0.0,5.0,301.0,0,168,153,40,0,14957110.8033241,185595.62326869805,0.0,1.0,0.0,1.0,0.0,0.0,0.0,0.0
C2513,754,광주광역시,15.0,0.0,6.0,820.0,0,0,0,754,0,32443000.0,192250.0,0.0,1.0,0.0,1.0,0.0,0.0,0.0,0.0
C1936,240,광주광역시,8.0,0.0,10.0,234.0,0,0,0,240,0,32443000.0,192250.0,0.0,1.0,0.0,1.0,0.0,0.0,0.0,0.0
C2049,688,강원도,0.0,0.0,5.0,841.0,0,0,0,688,0,15868906.976744186,88354.56395348837,0.0,1.0,0.0,1.0,0.0,0.0,0.0,0.0
C2202,623,강원도,0.0,0.0,2.0,226.0,0,89,534,0,0,10619874.799357945,156849.40609951847,0.0,1.0,1.0,0.0,0.0,0.0,0.0,0.0
C1925,601,강원도,9.0,0.0,4.0,75.0,298,301,0,1,0,8555580.0,136737.3,0.009703872332385564,0.9902961276676144,0.0,0.0,0.9902961276676144,0.009703872332385564,0.0,0.0
C2576,405,경상남도,19.0,0.0,4.0,73.0,0,0,313,92,0,21438646.913580246,178508.0987654321,0.0,1.0,0.0,1.0,0.0,0.0,0.0,0.0
C1312,518,충청남도,12.0,,3.0,359.0,0,149,368,0,0,21650736.943907157,133601.87620889748,0.0,1.0,0.0,1.0,0.0,0.0,0.0,0.0
C1874,619,충청남도,2.0,,2.0,62.0,462,151,3,3,0,3146012.9240710824,70009.17609046849,0.049025647110969954,0.9509743528890301,0.0,0.0,0.9509743528890301,0.049025647110969954,0.0,0.0
C2013,595,경상남도,3.0,0.0,3.0,91.0,0,327,267,0,0,15565262.626262626,40875.0505050505,0.0,1.0,0.0,1.0,0.0,0.0,0.0,0.0
C1424,625,대전광역시,2.0,,7.0,179.0,0,268,356,0,0,18019060.897435896,213881.79487179487,0.0,1.0,1.0,0.0,0.0,0.0,0.0,0.0
C2100,880,대전광역시,4.0,,5.0,671.0,0,0,0,880,0,23638113.636363637,94533.97727272728,0.0,1.0,0.0,1.0,0.0,0.0,0.0,0.0
C2520,970,대전광역시,2.0,,2.0,386.0,0,960,0,0,0,13155000.0,177500.0,0.0,1.0,1.0,0.0,0.0,0.0,0.0,0.0
C2319,606,대전광역시,1.0,1.0,12.0,266.0,0,0,0,605,0,18541277.685950413,252961.93388429753,0.0,1.0,0.0,1.0,0.0,0.0,0.0,0.0
C1616,1507,대전광역시,1.0,,2.0,98.0,588,463,450,4,2,20446984.73788985,67973.94824153949,0.02902992191127329,0.9709700780887267,0.0,0.0,0.9709700780887267,0.02902992191127329,0.0,0.0
C1704,639,대전광역시,34.0,,7.0,131.0,0,638,0,0,1,8478403.755868545,117167.69953051643,0.022661257725338793,0.9773387422746612,0.0,0.0,0.9773387422746612,0.022661257725338793,0.0,0.0
C2258,965,대전광역시,13.0,,3.0,78.0,599,184,180,1,1,6458586.528497409,89262.83937823834,0.022866042992055493,0.9771339570079445,0.0,0.0,0.9771339570079445,0.022866042992055493,0.0,0.0
C1032,946,대전광역시,6.0,1.0,2.0,316.0,0,68,69,809,0,30672146.93446089,202452.66384778012,0.0,1.0,0.0,1.0,0.0,0.0,0.0,0.0
C2038,785,대전광역시,7.0,1.0,10.0,108.0,599,94,90,1,1,6137128.662420382,84819.66878980891,0.029384417650369594,0.9706155823496304,0.0,0.0,0.9706155823496304,0.029384417650369594,0.0,0.0
C1859,2424,대전광역시,1.0,1.0,4.0,116.0,1885,505,0,32,2,5979667.0792079205,82642.93729372937,0.02938231797074729,0.9706176820292527,0.0,0.0,0.9706176820292527,0.02938231797074729,0.0,0.0
C1722,809,강원도,1.0,0.0,6.0,649.0,149,243,416,1,0,10891021.013597034,182938.45488257107,0.007082034838521935,0.9929179651614781,0.7312665171888345,0.0,0.26165144797264356,0.007082034838521935,0.0,0.0
C1850,388,경상남도,0.0,0.0,4.0,254.0,0,89,296,0,0,13771189.61038961,237050.33766233767,0.0,1.0,1.0,0.0,0.0,0.0,0.0,0.0
C2190,1013,경상남도,7.0,0.0,2.0,129.0,860,151,2,0,0,3175070.088845015,70656.74234945705,0.016388265173051395,0.9836117348269486,0.0,0.0,0.9836117348269486,0.016388265173051395,0.0,0.0
C1476,453,경상남도,6.0,0.0,5.0,70.0,298,154,0,1,0,8396298.013245033,125778.36644591611,0.018236972471311216,0.9817630275286888,0.0,0.0,0.9817630275286888,0.018236972471311216,0.0,0.0
C1077,861,경상남도,21.0,0.0,5.0,236.0,0,258,277,326,0,19147334.49477352,142779.21022067365,0.0,1.0,0.0,1.0,0.0,0.0,0.0,0.0
C1068,806,충청남도,11.0,,2.0,510.0,0,330,384,91,0,15117362.732919255,126182.73291925466,0.0,1.0,0.0,1.0,0.0,0.0,0.0,0.0
C1983,903,충청남도,3.0,,4.0,253.0,478,423,0,1,1,8872739.756367663,132403.7984496124,0.016285572201565655,0.9837144277984343,0.40900662949582245,0.0,0.574707798302612,0.016285572201565655,0.0,0.0
C2135,1116,부산광역시,10.0,1.0,3.0,127.0,664,450,0,1,1,9752688.17204301,127810.3046594982,0.020716926850003668,0.9792830731499963,0.0,0.0,0.9792830731499963,0.020716926850003668,0.0,0.0
C2034,1486,부산광역시,2.0,1.0,3.0,132.0,727,756,0,2,1,9865467.698519515,128866.4535666218,0.022904835014826215,0.9770951649851738,0.0,0.0,0.9770951649851738,0.022904835014826215,0.0,0.0
C1109,1957,부산광역시,1.0,1.0,2.0,313.0,1503,452,0,1,1,5975912.6213592235,82591.07307102709,0.01735706860036,0.98264293139964,0.0,0.0,0.98264293139964,0.01735706860036,0.0,0.0
C1497,802,부산광역시,7.0,1.0,14.0,382.0,0,802,0,0,0,13220527.431421446,168220.03740648378,0.0,1.0,1.0,0.0,0.0,0.0,0.0,0.0
C2289,1527,부산광역시,2.0,0.0,3.0,364.0,970,550,0,6,1,6093117.878192535,84211.02161100197,0.03256217887737916,0.9674378211226209,0.0,0.0,0.9674378211226209,0.03256217887737916,0.0,0.0
C2597,1005,부산광역시,25.0,0.0,2.0,94.0,760,239,2,3,1,5878274.626865672,81241.6616915423,0.03904926447753096,0.960950735522469,0.0,0.0,0.960950735522469,0.03904926447753096,0.0,0.0
C2310,1988,부산광역시,1.0,0.0,2.0,189.0,1670,311,0,6,1,5891571.428571428,81425.36217303823,0.026041506039695763,0.9739584939603042,0.0,0.0,0.9739584939603042,0.026041506039695763,0.0,0.0
C1672,1350,부산광역시,15.0,0.0,1.0,873.0,0,0,0,1350,0,18310973.333333332,224665.65925925926,0.0,1.0,0.0,1.0,0.0,0.0,0.0,0.0
C2132,2428,부산광역시,1.0,0.0,1.0,359.0,1565,854,1,6,2,4314358.731466227,71898.70263591433,0.03453275690631371,0.9654672430936864,0.0,0.0,0.9654672430936864,0.03453275690631371,0.0,0.0
C1439,1755,부산광역시,29.0,1.0,3.0,172.0,1499,131,122,1,2,5922170.94017094,81848.54700854702,0.0392342063270848,0.9607657936729151,0.0,0.0,0.9607657936729151,0.0392342063270848,0.0,0.0
C1613,840,부산광역시,7.0,1.0,1.0,498.0,0,0,0,840,0,20892166.666666668,265028.7619047619,0.0,1.0,0.0,1.0,0.0,0.0,0.0,0.0
C2216,390,충청남도,2.0,,1.0,149.0,0,390,0,0,0,9443461.538461538,132876.92307692306,0.0,1.0,1.0,0.0,0.0,0.0,0.0,0.0
C1899,451,경상남도,0.0,0.0,4.0,31.0,298,153,0,0,0,8000738.359201774,120032.54988913526,0.010147518362740589,0.9898524816372595,0.0,0.0,0.9898524816372595,0.010147518362740589,0.0,0.0
C1056,410,제주특별자치도,0.0,0.0,10.0,125.0,200,210,0,0,0,3301951.2195121953,73473.17073170732,0.027254673697185507,0.9727453263028145,0.0,0.0,0.9727453263028145,0.027254673697185507,0.0,0.0
C2644,779,충청남도,7.0,,12.0,177.0,388,387,3,0,0,10239800.771208227,143881.37532133676,0.0059435399762562905,0.9940564600237437,0.5841084629935104,0.0,0.4099479970302334,0.0059435399762562905,0.0,0.0
C1206,755,강원도,1.0,0.0,4.0,90.0,239,247,0,1,1,3365590.1639344264,74893.19672131147,0.03200620620901726,0.9679937937909828,0.0,0.0,0.9679937937909828,0.03200620620901726,0.0,0.0
C2481,693,울산광역시,2.0,0.0,2.0,302.0,0,435,258,0,0,11898549.783549784,84118.35497835498,0.0,1.0,0.0,1.0,0.0,0.0,0.0,0.0
C1718,753,울산광역시,23.0,0.0,2.0,496.0,0,0,566,187,0,26208961.487383798,202763.86454183268,0.0,1.0,0.0,1.0,0.0,0.0,0.0,0.0
C1430,1533,부산광역시,32.0,0.0,3.0,839.0,0,0,0,1533,0,33244649.706457924,195515.68166992825,0.0,1.0,0.0,1.0,0.0,0.0,0.0,0.0
C1775,711,제주특별자치도,5.0,0.0,8.0,96.0,360,350,0,0,1,4242160.337552743,78750.04219409282,0.028721722091916403,0.9712782779080836,0.0,0.0,0.9712782779080836,0.028721722091916403,0.0,0.0
C1519,420,제주특별자치도,0.0,0.0,0.0,235.0,0,252,168,0,0,15199600.0,91552.0,0.0,1.0,0.0,1.0,0.0,0.0,0.0,0.0
C2221,590,제주특별자치도,1.0,0.0,3.0,359.0,0,0,590,0,0,15403888.13559322,246646.61016949153,0.0,1.0,1.0,0.0,0.0,0.0,0.0,0.0
C1790,657,경상남도,2.0,0.0,4.0,120.0,265,388,1,2,1,3346007.610350076,74456.40791476407,0.055959735059226995,0.944040264940773,0.0,0.0,0.944040264940773,0.055959735059226995,0.0,0.0
C2109,495,경상남도,2.0,0.0,4.0,60.0,288,206,0,0,1,3234133.3333333335,71963.15151515152,0.04085581589223503,0.959144184107765,0.0,0.0,0.959144184107765,0.04085581589223503,0.0,0.0
C1698,460,경상남도,1.0,0.0,3.0,65.0,0,460,0,0,0,12752139.130434783,160621.04347826086,0.007125400387568507,0.9928745996124314,0.0,0.0,0.9928745996124314,0.007125400387568507,0.0,0.0
C1005,1144,충청남도,16.0,,8.0,376.0,0,0,0,1144,0,16818111.88811189,217779.44055944055,0.0,1.0,0.0,1.0,0.0,0.0,0.0,0.0
C1875,1003,충청남도,5.0,,8.0,209.0,849,152,0,1,1,3169146.5603190428,70524.90528414756,0.025799192693721197,0.9742008073062788,0.0,0.0,0.9742008073062788,0.025799192693721197,0.0,0.0
C2156,306,충청남도,0.0,,1.0,204.0,0,240,0,65,0,12020573.770491803,94432.45901639345,0.0,1.0,0.0,1.0,0.0,0.0,0.0,0.0
C2212,697,강원도,0.0,0.0,4.0,86.0,298,394,0,4,1,4389767.575322812,81499.79913916787,0.02832180956575491,0.9716781904342451,0.0,0.0,0.9716781904342451,0.02832180956575491,0.0,0.0
C2401,213,강원도,21.0,0.0,3.0,19.0,0,65,104,44,0,35984497.65258216,77555.5868544601,0.0,1.0,0.0,1.0,0.0,0.0,0.0,0.0
C2571,481,경상남도,5.0,0.0,1.0,62.0,468,12,0,0,1,2973405.4054054054,66162.16216216216,0.0395902221731081,0.960409777826892,0.0,0.0,0.960409777826892,0.0395902221731081,0.0,0.0
C1175,468,충청남도,15.0,,2.0,430.0,0,0,198,270,0,27292846.153846152,163795.0,0.0,1.0,0.0,1.0,0.0,0.0,0.0,0.0
C1833,1364,제주특별자치도,19.0,0.0,5.0,1001.0,0,802,342,220,0,16522577.712609971,143405.1759530792,0.0,1.0,0.0,1.0,0.0,0.0,0.0,0.0
C2445,800,충청북도,16.0,0.0,4.0,334.0,0,522,135,143,0,12285916.25,112427.475,0.0,1.0,0.0,1.0,0.0,0.0,0.0,0.0
C1885,830,전라남도,14.0,0.0,4.0,616.0,0,498,332,0,0,18263600.0,118224.0,0.0,1.0,0.0,1.0,0.0,0.0,0.0,0.0
C2368,775,전라남도,10.0,0.0,4.0,548.0,0,465,0,310,0,19705600.0,133120.0,0.0,1.0,0.0,1.0,0.0,0.0,0.0,0.0
C2016,261,충청북도,15.0,0.0,2.0,220.0,0,128,133,0,0,12291490.421455938,104317.24137931035,0.0,1.0,0.0,1.0,0.0,0.0,0.0,0.0
C2371,474,경상북도,20.0,0.0,1.0,451.0,0,264,164,46,0,13528354.430379746,89567.38396624473,0.0,1.0,0.0,1.0,0.0,0.0,0.0,0.0
C2536,72,전라북도,7.0,0.0,1.0,47.0,0,48,24,0,0,10586666.666666666,58803.333333333336,0.0,1.0,0.0,1.0,0.0,0.0,0.0,0.0
C2538,1473,경기도,13.0,0.0,3.0,799.0,188,706,296,283,0,24869841.819416158,265970.97759674134,0.0,1.0,0.0,1.0,0.0,0.0,0.0,0.0
C1014,996,전라북도,5.0,0.0,2.0,708.0,0,516,280,200,0,17621345.381526105,148407.38955823294,0.0,1.0,0.0,1.0,0.0,0.0,0.0,0.0
C1592,870,강원도,13.0,0.0,5.0,739.0,0,528,206,136,0,15672793.103448275,202792.183908046,0.0,1.0,0.0,1.0,0.0,0.0,0.0,0.0
C1867,678,경상남도,26.0,0.0,2.0,374.0,0,454,84,140,0,13177876.10619469,123895.2802359882,0.0,1.0,0.0,1.0,0.0,0.0,0.0,0.0
C2326,632,충청북도,15.0,0.0,4.0,557.0,0,458,174,0,0,13887813.291139241,119864.11392405063,0.0,1.0,0.0,1.0,0.0,0.0,0.0,0.0
C1015,961,부산광역시,28.0,0.0,3.0,579.0,0,475,380,106,0,13812204.994797086,121312.16441207076,0.0,1.0,0.0,1.0,0.0,0.0,0.0,0.0
C1620,1232,광주광역시,22.0,0.0,4.0,1101.0,0,709,523,0,0,19700843.344155844,112040.34090909091,0.0,1.0,0.0,1.0,0.0,0.0,0.0,0.0
C1049,676,광주광역시,18.0,0.0,3.0,762.0,0,389,0,287,0,22252417.159763314,126324.6449704142,0.0,1.0,0.0,1.0,0.0,0.0,0.0,0.0
C2000,1300,경상남도,21.0,0.0,2.0,795.0,0,450,700,150,0,17544400.0,151116.07692307694,0.0,1.0,0.0,1.0,0.0,0.0,0.0,0.0
C2097,998,경상북도,29.0,0.0,2.0,995.0,0,551,359,88,0,39134497.99599198,91821.33266533066,0.0,1.0,0.0,1.0,0.0,0.0,0.0,0.0
C1668,493,전라남도,7.0,0.0,4.0,288.0,0,221,152,120,0,13433198.78296146,106652.92089249493,0.0,1.0,0.0,1.0,0.0,0.0,0.0,0.0
C1689,1117,경기도,4.0,1.0,3.0,960.0,186,444,339,148,0,33857211.28021486,226816.44583706357,0.0,1.0,0.0,1.0,0.0,0.0,0.0,0.0
C1234,307,강원도,1.0,0.0,2.0,311.0,0,0,0,307,0,22938951.140065145,149183.55048859934,0.0,1.0,0.0,1.0,0.0,0.0,0.0,0.0
C2514,501,경상남도,10.0,0.0,1.0,648.0,0,0,224,277,0,15680107.784431137,151049.54091816366,0.0,1.0,0.0,1.0,0.0,0.0,0.0,0.0
C1368,896,경상북도,29.0,0.0,10.0,861.0,0,176,180,540,0,20302004.464285713,172256.11607142858,0.0,1.0,0.0,1.0,0.0,0.0,0.0,0.0
C1057,521,경상북도,24.0,0.0,4.0,521.0,0,134,135,252,0,19493573.896353167,165445.45105566218,0.0,1.0,0.0,1.0,0.0,0.0,0.0,0.0
C2256,409,경상남도,7.0,0.0,1.0,344.0,88,131,132,58,0,12630684.596577017,111311.19804400978,0.0,1.0,0.0,1.0,0.0,0.0,0.0,0.0
C1900,586,전라북도,2.0,0.0,2.0,596.0,0,236,206,144,0,15427174.061433448,99595.97269624574,0.0,1.0,0.0,1.0,0.0,0.0,0.0,0.0
C2666,1084,부산광역시,23.0,0.0,1.0,701.0,0,458,626,0,0,19226422.509225093,135929.24354243543,0.0,1.0,0.0,1.0,0.0,0.0,0.0,0.0
C2361,1174,경기도,9.0,0.0,4.0,1117.0,0,422,382,370,0,37314724.02044293,261499.65928449744,0.0,1.0,0.0,1.0,0.0,0.0,0.0,0.0
C1642,270,전라남도,14.0,0.0,6.0,297.0,0,120,150,0,0,15257444.444444444,94520.0,0.0,1.0,0.0,1.0,0.0,0.0,0.0,0.0
C1013,1308,광주광역시,16.0,0.0,6.0,1665.0,0,291,757,260,0,24830898.318042815,134092.21712538227,0.0,1.0,0.0,1.0,0.0,0.0,0.0,0.0
C1973,384,광주광역시,15.0,0.0,3.0,457.0,0,84,0,300,0,35304937.5,197789.6875,0.0,1.0,0.0,1.0,0.0,0.0,0.0,0.0
C2458,853,광주광역시,28.0,0.0,3.0,910.0,0,0,551,302,0,60961946.072684646,84932.64947245018,0.0,1.0,0.0,1.0,0.0,0.0,0.0,0.0
C2574,996,광주광역시,14.0,0.0,6.0,826.0,0,444,390,162,0,24448795.180722892,133267.2891566265,0.0,1.0,0.0,1.0,0.0,0.0,0.0,0.0
C2133,355,광주광역시,10.0,0.0,3.0,328.0,0,128,143,84,0,25442622.53521127,138144.70422535212,0.0,1.0,0.0,1.0,0.0,0.0,0.0,0.0
C2096,492,광주광역시,11.0,0.0,2.0,525.0,0,248,244,0,0,15343967.479674798,88352.19512195123,0.0,1.0,0.0,1.0,0.0,0.0,0.0,0.0
C2010,861,광주광역시,15.0,0.0,3.0,690.0,0,498,363,0,0,19087425.087108012,93854.49477351917,0.0,1.0,0.0,1.0,0.0,0.0,0.0,0.0
C1879,711,광주광역시,12.0,0.0,2.0,713.0,0,0,355,356,0,22300485.23206751,122946.99015471168,0.0,1.0,0.0,1.0,0.0,0.0,0.0,0.0
C1131,901,광주광역시,10.0,0.0,7.0,1019.0,0,0,0,901,0,19768334.073251944,160252.98557158714,0.0,1.0,0.0,1.0,0.0,0.0,0.0,0.0
C1468,815,광주광역시,17.0,0.0,1.0,810.0,0,503,312,0,0,19719720.245398775,108933.84049079755,0.0,1.0,0.0,1.0,0.0,0.0,0.0,0.0
C1213,312,전라북도,8.0,0.0,6.0,148.0,0,177,135,0,0,15597048.076923076,90358.26923076923,0.0,1.0,0.0,1.0,0.0,0.0,0.0,0.0
C1173,571,충청남도,7.0,0.0,2.0,609.0,0,98,401,72,0,18327905.429071803,143310.0700525394,0.0,1.0,0.0,1.0,0.0,0.0,0.0,0.0
C2492,594,경상북도,23.0,0.0,5.0,585.0,0,120,0,474,0,17154939.393939395,129973.53535353535,0.0,1.0,0.0,1.0,0.0,0.0,0.0,0.0
C2032,944,경상남도,23.0,0.0,1.0,1162.0,0,0,0,944,0,30172037.076271188,181031.55720338982,0.0,1.0,0.0,1.0,0.0,0.0,0.0,0.0
C2094,410,경상남도,16.0,0.0,20.0,318.0,0,223,187,0,0,15658646.341463415,109621.46341463414,0.0,1.0,0.0,1.0,0.0,0.0,0.0,0.0
C1880,635,경상남도,15.0,0.0,20.0,761.0,0,0,0,635,0,23546683.464566927,134964.94488188977,0.0,1.0,0.0,1.0,0.0,0.0,0.0,0.0
C2089,962,경상남도,27.0,0.0,1.0,572.0,0,473,129,360,0,18164486.486486487,134795.80041580042,0.0,1.0,0.0,1.0,0.0,0.0,0.0,0.0
C2046,1129,경기도,10.0,0.0,4.0,1306.0,0,0,446,683,0,26215203.72010629,219095.473870682,0.0,1.0,0.0,1.0,0.0,0.0,0.0,0.0
C2635,330,경기도,1.0,0.0,3.0,442.0,0,0,0,330,0,32447272.727272727,271656.36363636365,0.0,1.0,0.0,1.0,0.0,0.0,0.0,0.0
C2390,386,경기도,4.0,0.0,4.0,422.0,0,0,0,386,0,33912176.16580311,284130.36269430054,0.0,1.0,0.0,1.0,0.0,0.0,0.0,0.0
C2561,456,경기도,7.0,1.0,4.0,441.0,0,120,120,216,0,20109052.63157895,237671.05263157896,0.0,1.0,0.0,1.0,0.0,0.0,0.0,0.0
C1663,642,대전광역시,3.0,1.0,5.0,700.0,0,0,0,642,0,18265757.009345796,248546.82242990655,0.0,1.0,0.0,1.0,0.0,0.0,0.0,0.0
C2490,302,대구광역시,4.0,0.0,2.0,340.0,0,0,0,302,0,24228079.470198676,211895.09933774834,0.0,1.0,0.0,1.0,0.0,0.0,0.0,0.0
C2066,757,대구광역시,22.0,0.0,2.0,503.0,0,505,252,0,0,15892960.36988111,128652.41743725231,0.0,1.0,0.0,1.0,0.0,0.0,0.0,0.0
C1585,705,대구광역시,12.0,1.0,3.0,718.0,0,294,411,0,0,22080608.510638297,184876.68085106384,0.0,1.0,0.0,1.0,0.0,0.0,0.0,0.0
C2276,1072,대전광역시,18.0,0.0,4.0,1159.0,0,0,0,1072,0,19366975.746268656,181684.12313432837,0.0,1.0,0.0,1.0,0.0,0.0,0.0,0.0
C1155,375,대전광역시,9.0,1.0,10.0,373.0,0,0,0,375,0,35456224.0,203298.66666666666,0.0,1.0,0.0,1.0,0.0,0.0,0.0,0.0
C1693,853,대전광역시,20.0,0.0,6.0,1087.0,0,0,125,728,0,33538214.536928486,208619.51934349356,0.0,1.0,0.0,1.0,0.0,0.0,0.0,0.0
C1889,1018,경기도,14.0,0.0,2.0,808.0,0,177,180,661,0,17528426.326129667,122603.44793713163,0.0,1.0,0.0,1.0,0.0,0.0,0.0,0.0
C1962,416,강원도,9.0,0.0,3.0,401.0,0,0,0,416,0,20988326.923076924,198923.89423076922,0.0,1.0,0.0,1.0,0.0,0.0,0.0,0.0
C1666,708,전라남도,20.0,0.0,4.0,465.0,0,279,279,150,0,17114576.27118644,117015.25423728813,0.0,1.0,0.0,1.0,0.0,0.0,0.0,0.0
C1988,475,전라남도,12.0,0.0,2.0,402.0,0,243,232,0,0,13627044.210526315,95710.77894736842,0.0,1.0,0.0,1.0,0.0,0.0,0.0,0.0
C1537,662,충청남도,17.0,0.0,3.0,669.0,0,0,0,662,0,27598906.344410878,131515.58912386707,0.0,1.0,0.0,1.0,0.0,0.0,0.0,0.0
C1762,462,전라북도,4.0,0.0,2.0,460.0,0,0,0,462,0,20574181.818181816,114705.1948051948,0.0,1.0,0.0,1.0,0.0,0.0,0.0,0.0
C2008,781,경기도,7.0,2.0,5.0,548.0,0,266,248,267,0,24604444.302176695,233325.48015364917,0.0,1.0,0.0,1.0,0.0,0.0,0.0,0.0
C1319,496,경상남도,16.0,0.0,1.0,398.0,82,204,82,128,0,13917052.41935484,123662.45967741935,0.0,1.0,0.0,1.0,0.0,0.0,0.0,0.0
C1141,630,경상남도,28.0,0.0,2.0,620.0,0,189,159,282,0,16137661.904761905,102429.90476190476,0.0,1.0,0.0,1.0,0.0,0.0,0.0,0.0
C2340,512,서울특별시,15.0,0.0,3.0,382.0,0,512,0,0,0,32454000.0,281700.0,0.0,1.0,1.0,0.0,0.0,0.0,0.0,0.0
C1929,492,충청남도,19.0,0.0,4.0,413.0,0,180,148,164,0,20217191.05691057,151560.36585365853,0.0,1.0,0.0,1.0,0.0,0.0,0.0,0.0
C1681,534,경기도,9.0,0.0,7.0,520.0,0,225,220,89,0,29979161.04868914,223034.1573033708,0.0,1.0,0.0,1.0,0.0,0.0,0.0,0.0
C2383,762,경기도,14.0,0.0,3.0,832.0,0,278,290,194,0,32972590.551181104,237073.43832020997,0.0,1.0,0.0,1.0,0.0,0.0,0.0,0.0
C2173,775,경기도,4.0,1.0,2.0,745.0,0,246,336,193,0,38629402.58064516,265181.67741935485,0.0,1.0,0.0,1.0,0.0,0.0,0.0,0.0
C1911,890,부산광역시,21.0,1.0,2.0,831.0,0,0,0,890,0,30996505.61797753,252480.22471910113,0.0,1.0,0.0,1.0,0.0,0.0,0.0,0.0
C1638,494,전라북도,10.0,0.0,6.0,413.0,0,0,71,423,0,21343514.170040485,107695.68825910932,0.0,1.0,0.0,1.0,0.0,0.0,0.0,0.0
C2412,571,전라남도,10.0,0.0,2.0,487.0,0,324,175,72,0,18945213.660245184,119961.59369527145,0.0,1.0,0.0,1.0,0.0,0.0,0.0,0.0
C1871,550,전라남도,15.0,0.0,4.0,408.0,0,217,333,0,0,13288996.363636363,80898.12727272727,0.0,1.0,0.0,1.0,0.0,0.0,0.0,0.0
C1309,383,전라남도,15.0,0.0,4.0,446.0,0,87,206,90,0,18461600.522193212,100560.75718015665,0.0,1.0,0.0,1.0,0.0,0.0,0.0,0.0
C1527,996,경상북도,23.0,0.0,4.0,1150.0,0,0,344,652,0,18550648.59437751,150298.7550200803,0.0,1.0,0.0,1.0,0.0,0.0,0.0,0.0
C2208,882,경기도,16.0,0.0,2.0,840.0,0,307,437,138,0,28291265.30612245,198173.92290249432,0.0,1.0,0.0,1.0,0.0,0.0,0.0,0.0
C1940,615,경기도,16.0,0.0,2.0,709.0,0,114,373,128,0,33130278.048780486,224454.0,0.0,1.0,0.0,1.0,0.0,0.0,0.0,0.0
C2227,477,경기도,9.0,0.0,8.0,505.0,0,187,176,114,0,28212664.570230607,197062.95597484277,0.0,1.0,0.0,1.0,0.0,0.0,0.0,0.0
C2563,496,경기도,9.0,0.0,2.0,449.0,0,290,206,0,0,14291794.35483871,168340.40322580645,0.0,1.0,0.0,1.0,0.0,0.0,0.0,0.0
C2358,1260,경상남도,24.0,0.0,8.0,1010.0,0,554,706,0,0,20669165.07936508,131897.52380952382,0.0,1.0,0.0,1.0,0.0,0.0,0.0,0.0
C1492,390,경기도,15.0,0.0,2.0,296.0,0,275,115,0,0,12186564.102564102,73171.38461538461,0.0,1.0,0.0,1.0,0.0,0.0,0.0,0.0
C1601,330,경기도,13.0,0.0,4.0,308.0,0,0,123,207,0,25988327.272727273,177714.81818181818,0.0,1.0,0.0,1.0,0.0,0.0,0.0,0.0
C1687,773,경기도,26.0,0.0,3.0,349.0,0,348,425,0,0,20129631.306597672,137852.14747736094,0.0,1.0,0.0,1.0,0.0,0.0,0.0,0.0
C1236,1124,경기도,29.0,0.0,2.0,657.0,0,254,870,0,0,21979074.733096085,150459.4128113879,0.0,1.0,0.0,1.0,0.0,0.0,0.0,0.0
C1487,550,경기도,15.0,0.0,8.0,505.0,0,0,0,550,0,25967000.0,143308.0,0.0,1.0,0.0,1.0,0.0,0.0,0.0,0.0
C1379,324,경기도,10.0,0.0,2.0,294.0,0,204,120,0,0,14436296.296296297,109723.70370370371,0.0,1.0,0.0,1.0,0.0,0.0,0.0,0.0
C1386,1497,전라남도,15.0,0.0,5.0,1145.0,0,841,656,0,0,14608903.13961256,82487.65531062124,0.0,1.0,0.0,1.0,0.0,0.0,0.0,0.0
C1656,531,전라남도,7.0,0.0,2.0,257.0,0,104,251,176,0,16120862.52354049,119227.58945386064,0.0,1.0,0.0,1.0,0.0,0.0,0.0,0.0
C2526,355,경상북도,16.0,0.0,2.0,321.0,0,92,0,263,0,15630659.154929578,109412.81690140846,0.0,1.0,0.0,1.0,0.0,0.0,0.0,0.0
C1022,389,경기도,4.0,0.0,4.0,450.0,0,0,389,0,0,24665000.0,221980.0,0.0,1.0,0.0,1.0,0.0,0.0,0.0,0.0
C1896,712,경기도,3.0,0.0,2.0,845.0,0,252,318,142,0,25734095.505617976,222230.14044943822,0.0,1.0,0.0,1.0,0.0,0.0,0.0,0.0
C1269,561,경기도,1.0,0.0,3.0,643.0,0,153,156,252,0,20079673.796791445,210895.08021390374,0.0,1.0,0.0,1.0,0.0,0.0,0.0,0.0
C1916,816,경기도,2.0,1.0,4.0,752.0,0,279,274,263,0,20703036.76470588,210027.47549019608,0.0,1.0,0.0,1.0,0.0,0.0,0.0,0.0
C2070,898,경기도,6.0,0.0,3.0,735.0,0,242,234,422,0,22199692.650334075,231190.3118040089,0.0,1.0,0.0,1.0,0.0,0.0,0.0,0.0
C1967,581,경기도,6.0,0.0,3.0,639.0,0,238,343,0,0,15373843.373493975,180346.8674698795,0.0,1.0,0.0,1.0,0.0,0.0,0.0,0.0
C2021,851,경기도,7.0,0.0,3.0,902.0,0,225,347,279,0,16931710.928319626,198826.6627497062,0.0,1.0,0.0,1.0,0.0,0.0,0.0,0.0
C1143,693,경기도,3.0,1.0,11.0,632.0,0,455,238,0,0,16995676.767676767,179170.9090909091,0.0,1.0,0.0,1.0,0.0,0.0,0.0,0.0
C2188,136,경기도,3.0,0.0,2.0,125.0,0,136,0,0,0,19221000.0,175780.0,0.0,1.0,0.0,1.0,0.0,0.0,0.0,0.0
C2651,225,경기도,5.0,0.0,2.0,282.0,0,113,112,0,0,20773004.444444444,193106.53333333333,0.0,1.0,0.0,1.0,0.0,0.0,0.0,0.0
C1036,742,경기도,13.0,0.0,3.0,1279.0,0,135,387,220,0,34129614.55525606,231072.8436657682,0.0,1.0,0.0,1.0,0.0,0.0,0.0,0.0
C2657,866,경기도,7.0,0.0,4.0,782.0,0,238,464,164,0,31637011.54734411,219201.40877598152,0.0,1.0,0.0,1.0,0.0,0.0,0.0,0.0
C1502,407,울산광역시,7.0,0.0,5.0,438.0,0,0,407,0,0,19895000.0,160400.0,0.0,1.0,0.0,1.0,0.0,0.0,0.0,0.0
C2262,720,울산광역시,30.0,0.0,4.0,540.0,0,248,187,285,0,23855869.444444444,190589.33333333334,0.0,1.0,0.0,1.0,0.0,0.0,0.0,0.0
C1084,280,경상북도,2.0,0.0,2.0,226.0,0,96,136,48,0,16039200.0,109413.14285714286,0.0,1.0,0.0,1.0,0.0,0.0,0.0,0.0
C2530,307,강원도,19.0,0.0,5.0,302.0,0,53,45,209,0,32256602.60586319,286164.2996742671,0.0,1.0,0.0,1.0,0.0,0.0,0.0,0.0
C1046,232,강원도,9.0,0.0,4.0,156.0,0,174,0,58,0,17341500.0,191992.5,0.0,1.0,0.0,1.0,0.0,0.0,0.0,0.0
C1761,602,강원도,18.0,0.0,2.0,730.0,0,150,236,216,0,20254591.362126246,200635.74750830565,0.0,1.0,0.0,1.0,0.0,0.0,0.0,0.0
C1102,522,강원도,21.0,0.0,7.0,417.0,0,180,252,90,0,16273724.137931034,182689.3103448276,0.0,1.0,0.0,1.0,0.0,0.0,0.0,0.0
C2420,457,대구광역시,3.0,1.0,8.0,505.0,0,119,78,260,0,29287916.849015318,202103.47921225382,0.0,1.0,0.0,1.0,0.0,0.0,0.0,0.0
C1122,808,대구광역시,7.0,2.0,2.0,1077.0,0,219,589,0,0,22401170.792079207,153264.3688118812,0.0,1.0,0.0,1.0,0.0,0.0,0.0,0.0
C2042,712,대구광역시,13.0,2.0,7.0,757.0,0,129,583,0,0,22962075.84269663,157078.91853932585,0.0,1.0,0.0,1.0,0.0,0.0,0.0,0.0
C1410,356,충청북도,10.0,0.0,3.0,815.0,0,208,0,148,0,13765696.629213484,112590.67415730337,0.0,1.0,0.0,1.0,0.0,0.0,0.0,0.0
C1706,467,경기도,7.0,1.0,5.0,362.0,0,160,0,307,0,26052852.248394005,218306.9164882227,0.0,1.0,0.0,1.0,0.0,0.0,0.0,0.0
C1307,506,경기도,9.0,0.0,3.0,504.0,0,155,164,187,0,33141411.067193676,237617.03557312253,0.0,1.0,0.0,1.0,0.0,0.0,0.0,0.0
C2601,243,경기도,7.0,0.0,3.0,281.0,0,0,0,243,0,45466283.95061728,301334.7736625514,0.0,1.0,0.0,1.0,0.0,0.0,0.0,0.0
C1085,525,경기도,4.0,0.0,2.0,521.0,0,270,255,0,0,15723885.714285715,132970.57142857142,0.0,1.0,0.0,1.0,0.0,0.0,0.0,0.0
C2385,445,경기도,4.0,0.0,4.0,552.0,0,0,240,205,0,27762168.539325844,189772.35955056178,0.0,1.0,0.0,1.0,0.0,0.0,0.0,0.0
C1059,514,전라북도,7.0,0.0,8.0,246.0,0,256,258,0,0,16961961.089494165,103446.49805447471,0.0,1.0,0.0,1.0,0.0,0.0,0.0,0.0
C1819,330,전라남도,15.0,0.0,1.0,272.0,0,0,0,330,0,18934272.727272727,126521.81818181818,0.0,1.0,0.0,1.0,0.0,0.0,0.0,0.0
C2325,378,전라북도,3.0,0.0,1.0,293.0,0,118,176,84,0,14330439.153439153,84453.96825396825,0.0,1.0,0.0,1.0,0.0,0.0,0.0,0.0
C2394,277,충청남도,20.0,0.0,2.0,254.0,0,86,102,89,0,54385896.750902526,60825.63176895307,0.0,1.0,0.0,1.0,0.0,0.0,0.0,0.0
C1133,856,전라북도,10.0,0.0,3.0,842.0,0,356,390,110,0,23492362.14953271,136829.8831775701,0.0,1.0,0.0,1.0,0.0,0.0,0.0,0.0
C1281,646,전라북도,4.0,0.0,3.0,484.0,0,433,213,0,0,20164393.18885449,119394.65944272446,0.0,1.0,0.0,1.0,0.0,0.0,0.0,0.0
C1194,511,제주특별자치도,3.0,0.0,4.0,585.0,0,0,0,511,0,20121144.81409002,236586.49706457925,0.0,1.0,0.0,1.0,0.0,0.0,0.0,0.0
C2308,285,강원도,3.0,0.0,1.0,244.0,0,0,0,285,0,13390505.263157895,196200.2105263158,0.0,1.0,0.0,1.0,0.0,0.0,0.0,0.0
C2036,256,강원도,2.0,0.0,1.0,258.0,0,0,174,82,0,19476710.9375,132089.765625,0.0,1.0,0.0,1.0,0.0,0.0,0.0,0.0
C1394,466,전라북도,0.0,0.0,1.0,271.0,0,245,221,0,0,12493364.806866953,92245.30042918454,0.0,1.0,0.0,1.0,0.0,0.0,0.0,0.0
C1180,314,전라북도,15.0,0.0,1.0,311.0,0,0,0,314,0,18010910.82802548,102080.31847133758,0.0,1.0,0.0,1.0,0.0,0.0,0.0,0.0
C2503,382,제주특별자치도,7.0,0.0,2.0,327.0,0,228,154,0,0,15003382.19895288,120723.4554973822,0.0,1.0,0.0,1.0,0.0,0.0,0.0,0.0
C1907,212,제주특별자치도,7.0,0.0,3.0,207.0,0,109,103,0,0,12333415.094339622,103278.82075471699,0.0,1.0,0.0,1.0,0.0,0.0,0.0,0.0
C2181,872,충청북도,15.0,0.0,6.0,683.0,0,542,135,195,0,12199112.385321101,112914.47247706422,0.0,1.0,0.0,1.0,0.0,0.0,0.0,0.0
C1768,508,충청북도,4.0,0.0,1.0,670.0,0,0,0,508,0,15762688.976377953,149560.6692913386,0.0,1.0,0.0,1.0,0.0,0.0,0.0,0.0
C1783,594,대구광역시,16.0,1.0,6.0,570.0,0,180,210,204,0,25853595.95959596,176619.19191919192,0.0,1.0,0.0,1.0,0.0,0.0,0.0,0.0
C2192,514,충청북도,16.0,0.0,2.0,324.0,0,352,162,0,0,11841260.700389106,102705.87548638132,0.0,1.0,0.0,1.0,0.0,0.0,0.0,0.0
C2346,558,충청북도,12.0,0.0,3.0,553.0,0,0,194,364,0,16074569.892473118,140073.7634408602,0.0,1.0,0.0,1.0,0.0,0.0,0.0,0.0
C2680,758,경상남도,19.0,0.0,7.0,590.0,0,486,272,0,0,22048725.593667544,115416.4907651715,0.0,1.0,0.0,1.0,0.0,0.0,0.0,0.0
C2631,812,경상남도,2.0,0.0,3.0,638.0,0,322,204,286,0,20426721.674876846,103248.64532019704,0.0,1.0,0.0,1.0,0.0,0.0,0.0,0.0
C2141,504,경상남도,2.0,0.0,6.0,495.0,0,120,384,0,0,26544714.285714287,206454.7619047619,0.0,1.0,0.0,1.0,0.0,0.0,0.0,0.0
C2099,332,강원도,3.0,0.0,2.0,383.0,0,80,196,56,0,12723506.024096385,104877.22891566265,0.0,1.0,0.0,1.0,0.0,0.0,0.0,0.0
C2287,409,충청북도,18.0,0.0,3.0,284.0,0,63,281,65,0,13627953.545232274,113428.67970660147,0.0,1.0,0.0,1.0,0.0,0.0,0.0,0.0
C2055,773,충청북도,22.0,0.0,4.0,723.0,0,257,336,180,0,23228993.531694695,169709.12031047867,0.0,1.0,0.0,1.0,0.0,0.0,0.0,0.0
C1428,375,강원도,6.0,0.0,2.0,333.0,0,109,182,84,0,19654925.333333332,163828.66666666666,0.0,1.0,0.0,1.0,0.0,0.0,0.0,0.0
C2522,747,강원도,13.0,0.0,2.0,610.0,0,381,186,180,0,19362184.73895582,158182.61044176706,0.0,1.0,0.0,1.0,0.0,0.0,0.0,0.0
C2560,372,강원도,3.0,0.0,1.0,481.0,0,0,0,372,0,16727838.709677419,214235.48387096773,0.0,1.0,0.0,1.0,0.0,0.0,0.0,0.0
C2603,538,충청북도,9.0,0.0,2.0,509.0,0,0,419,119,0,18537325.278810408,129137.02602230484,0.0,1.0,0.0,1.0,0.0,0.0,0.0,0.0
C1965,498,충청북도,13.0,0.0,5.0,500.0,0,258,180,60,0,15797000.0,124788.55421686747,0.0,1.0,0.0,1.0,0.0,0.0,0.0,0.0
C1660,718,경상남도,13.0,0.0,3.0,512.0,0,180,178,360,0,17491941.504178274,111799.86072423398,0.0,1.0,0.0,1.0,0.0,0.0,0.0,0.0
C2378,818,경기도,25.0,0.0,12.0,901.0,0,0,0,818,0,18597623.47188264,236875.08557457212,0.0,1.0,0.0,1.0,0.0,0.0,0.0,0.0
C1268,1035,경기도,21.0,0.0,16.0,934.0,0,384,453,198,0,18430182.608695652,188233.6231884058,0.0,1.0,0.0,1.0,0.0,0.0,0.0,0.0
C1994,431,경상남도,3.0,0.0,1.0,496.0,0,0,203,228,0,16408714.617169373,106104.36194895592,0.0,1.0,0.0,1.0,0.0,0.0,0.0,0.0
C1837,467,경상남도,21.0,0.0,4.0,398.0,0,232,117,118,0,14624143.46895075,125003.06209850108,0.0,1.0,0.0,1.0,0.0,0.0,0.0,0.0
C1000,566,충청북도,10.0,0.0,1.0,481.0,0,419,72,75,0,11897252.650176678,107462.27915194347,0.0,1.0,0.0,1.0,0.0,0.0,0.0,0.0
C1448,1116,광주광역시,25.0,0.0,2.0,1284.0,0,0,640,476,0,29277505.376344085,164258.9964157706,0.0,1.0,0.0,1.0,0.0,0.0,0.0,0.0
C1516,456,전라남도,8.0,0.0,1.0,475.0,0,314,142,0,0,9786074.56140351,78749.4298245614,0.0,1.0,0.0,1.0,0.0,0.0,0.0,0.0
C2670,648,전라북도,9.0,0.0,2.0,435.0,0,504,0,144,0,16239962.962962963,114225.55555555556,0.0,1.0,0.0,1.0,0.0,0.0,0.0,0.0
C1365,875,경기도,5.0,0.0,2.0,945.0,0,66,89,720,0,53779358.85714286,340142.5028571429,0.0,1.0,0.0,1.0,0.0,0.0,0.0,0.0
C1360,443,경상북도,22.0,0.0,2.0,375.0,0,172,199,72,0,14131178.329571106,100778.23927765236,0.0,1.0,0.0,1.0,0.0,0.0,0.0,0.0
C1406,1647,대전광역시,13.0,0.0,2.0,1350.0,0,1173,238,236,0,27027850.03035823,150981.80327868852,0.0,1.0,0.0,1.0,0.0,0.0,0.0,0.0
C1566,462,전라남도,13.0,0.0,6.0,284.0,0,298,80,84,0,14630216.45021645,105660.12987012987,0.0,1.0,0.0,1.0,0.0,0.0,0.0,0.0
C1227,806,경상남도,7.0,0.0,1.0,823.0,160,335,107,204,0,21808465.260545906,229657.22084367246,0.0,1.0,0.0,1.0,0.0,0.0,0.0,0.0
C1572,937,경상남도,32.0,0.0,3.0,479.0,0,590,234,113,0,37551807.89754536,76641.73959445038,0.0,1.0,0.0,1.0,0.0,0.0,0.0,0.0
C1773,840,경기도,15.0,0.0,4.0,614.0,141,315,272,112,0,29663489.285714287,286476.6904761905,0.0,1.0,0.0,1.0,0.0,0.0,0.0,0.0
C1677,1144,경기도,9.0,0.0,4.0,1101.0,240,378,276,250,0,29854120.62937063,257134.66783216782,0.0,1.0,0.0,1.0,0.0,0.0,0.0,0.0
C1344,424,서울특별시,0.0,0.0,3.0,509.0,0,0,0,300,0,118682590.0,430622.73333333334,0.0,1.0,1.0,0.0,0.0,0.0,0.0,0.0
C2692,499,경상북도,19.0,0.0,2.0,437.0,0,334,105,60,0,13341228.456913827,102301.10220440882,0.0,1.0,0.0,1.0,0.0,0.0,0.0,0.0
C2505,200,경상북도,2.0,0.0,2.0,163.0,0,150,50,0,0,10031250.0,84545.0,0.0,1.0,0.0,1.0,0.0,0.0,0.0,0.0
C2587,603,경상북도,23.0,0.0,3.0,589.0,0,334,72,197,0,18598666.666666668,122769.83416252072,0.0,1.0,0.0,1.0,0.0,0.0,0.0,0.0
C1316,107,충청남도,7.0,0.0,2.0,22.0,0,96,0,11,0,34825510.280373834,33401.86915887851,0.0,1.0,0.0,1.0,0.0,0.0,0.0,0.0
C1674,318,전라남도,4.0,0.0,1.0,322.0,0,190,128,0,0,13016465.408805031,103668.8679245283,0.0,1.0,0.0,1.0,0.0,0.0,0.0,0.0
C1713,656,경상남도,2.0,0.0,1.0,566.0,0,454,90,112,0,14529064.024390243,139566.6463414634,0.0,1.0,0.0,1.0,0.0,0.0,0.0,0.0
C1845,306,강원도,0.0,0.0,3.0,277.0,0,156,120,30,0,19120568.62745098,223888.82352941178,0.0,1.0,0.0,1.0,0.0,0.0,0.0,0.0
C2082,970,경기도,19.0,0.0,2.0,822.0,176,332,326,136,0,38670816.49484536,263041.54639175255,0.0,1.0,0.0,1.0,0.0,0.0,0.0,0.0
C1328,992,경기도,36.0,0.0,15.0,770.0,160,410,262,160,0,65818409.27419355,138239.4758064516,0.0,1.0,0.0,1.0,0.0,0.0,0.0,0.0
C2565,1006,경상북도,33.0,0.0,3.0,1090.0,0,219,397,390,0,20177237.574552685,196099.662027833,0.0,1.0,0.0,1.0,0.0,0.0,0.0,0.0
C1804,478,경기도,3.0,0.0,3.0,951.0,0,0,0,26,0,87633923.07692307,582199.2307692308,0.0,1.0,1.0,0.0,0.0,0.0,0.0,0.0
C1397,370,서울특별시,9.0,0.0,3.0,1595.0,51,0,73,246,0,184305356.75675675,0.0,0.0,1.0,0.0,0.0,0.0,0.0,1.0,0.0
C2255,560,충청남도,2.0,0.0,2.0,410.0,238,178,144,0,0,14176458.57142857,101709.53571428571,0.0,1.0,0.0,0.8709126053100648,0.12908739468993527,0.0,0.0,0.0
C1343,600,경기도,8.0,1.0,4.0,549.0,0,215,281,104,0,22975891.666666668,210760.3,0.0,1.0,0.0,1.0,0.0,0.0,0.0,0.0
C2479,679,경기도,13.0,0.0,2.0,647.0,0,280,274,125,0,31036259.20471281,268459.13107511046,0.0,1.0,0.0,1.0,0.0,0.0,0.0,0.0
C2352,1065,서울특별시,7.0,0.0,4.0,793.0,192,557,316,0,0,26451523.943661973,266438.9671361502,0.0,1.0,0.0,0.8703002163642536,0.12969978363574633,0.0,0.0,0.0
C1310,1037,강원도,17.0,0.0,6.0,1084.0,150,630,105,152,0,16826540.98360656,140237.0588235294,0.0,1.0,0.0,1.0,0.0,0.0,0.0,0.0
C1738,715,경상남도,13.0,0.0,3.0,682.0,0,480,156,79,0,15089556.643356644,120311.59440559441,0.0,1.0,0.0,1.0,0.0,0.0,0.0,0.0
C1863,1099,충청북도,24.0,0.0,4.0,733.0,154,505,440,0,0,18940626.933575977,156320.42766151048,0.0,1.0,0.0,1.0,0.0,0.0,0.0,0.0
C1426,374,경상북도,2.0,0.0,2.0,262.0,96,118,0,160,0,15494673.796791444,172429.83957219252,0.0,1.0,0.0,1.0,0.0,0.0,0.0,0.0
C2659,504,경기도,3.0,1.0,3.0,365.0,116,278,110,0,0,23455865.07936508,227272.34126984127,0.0,1.0,0.0,0.8775704179696857,0.12242958203031429,0.0,0.0,0.0
C2489,1128,부산광역시,36.0,0.0,4.0,950.0,0,0,410,718,0,23592769.5035461,285393.3510638298,0.0,1.0,0.0,1.0,0.0,0.0,0.0,0.0
C2211,304,전라남도,4.0,0.0,1.0,244.0,0,268,36,0,0,9687473.684210526,89997.1052631579,0.0,1.0,0.0,1.0,0.0,0.0,0.0,0.0
C2314,600,대전광역시,13.0,0.0,2.0,343.0,260,268,72,0,0,12589446.666666666,133805.06666666668,0.0,1.0,0.0,0.6610635316746395,0.3389364683253604,0.0,0.0,0.0
C1861,690,전라북도,16.0,0.0,3.0,613.0,404,0,224,62,0,12156136.231884059,164142.60869565216,0.0,1.0,0.0,1.0,0.0,0.0,0.0,0.0
C2389,690,충청북도,21.0,0.0,3.0,561.0,0,375,135,180,0,13077978.260869564,108324.13043478261,0.0,1.0,0.0,1.0,0.0,0.0,0.0,0.0
C1490,749,충청북도,24.0,0.0,3.0,899.0,0,0,0,655,0,33664603.05343512,401757.25190839695,0.0,1.0,1.0,0.0,0.0,0.0,0.0,0.0
C1024,680,서울특별시,2.0,0.0,3.0,957.0,0,0,0,477,0,91863844.86373165,879890.9224318658,0.0,1.0,1.0,0.0,0.0,0.0,0.0,0.0
C1788,376,경상남도,28.0,0.0,3.0,412.0,0,0,0,376,0,33840425.5319149,374574.4680851064,0.0,1.0,1.0,0.0,0.0,0.0,0.0,0.0
C2620,1029,전라남도,28.0,0.0,6.0,1709.0,0,0,0,906,0,31442211.9205298,534917.2185430464,0.0,1.0,1.0,0.0,0.0,0.0,0.0,0.0
C1286,919,전라남도,27.0,0.0,2.0,881.0,0,0,0,919,0,33945048.96626768,578509.2491838955,0.0,1.0,1.0,0.0,0.0,0.0,0.0,0.0
C2085,969,서울특별시,0.0,0.0,3.0,1595.0,0,0,0,969,0,99032241.48606811,470911.3415892673,0.0,1.0,1.0,0.0,0.0,0.0,0.0,0.0
C1089,368,전라남도,14.0,0.0,2.0,309.0,0,230,87,51,0,11091478.260869564,100418.58695652174,0.0,1.0,0.0,1.0,0.0,0.0,0.0,0.0
C2237,70,충청남도,7.0,0.0,2.0,55.0,0,62,8,0,0,9183657.142857144,62653.142857142855,0.0,1.0,0.0,1.0,0.0,0.0,0.0,0.0
C1341,922,광주광역시,7.0,0.0,1.0,442.0,250,516,156,0,0,14124980.477223428,152060.75921908894,0.0,1.0,0.0,0.8128926419558956,0.18710735804410442,0.0,0.0,0.0
C1338,622,부산광역시,13.0,1.0,3.0,551.0,0,0,504,118,0,27136819.93569132,226095.46623794214,0.0,1.0,0.0,1.0,0.0,0.0,0.0,0.0
C1969,1366,대구광역시,29.0,0.0,2.0,886.0,304,794,268,0,0,13017891.654465593,175735.79795021962,0.0,1.0,0.0,0.9045667403111662,0.09543325968883379,0.0,0.0,0.0
C2274,1122,충청북도,34.0,0.0,3.0,713.0,296,446,380,0,0,17727262.03208556,148399.42959001783,0.0,1.0,0.0,1.0,0.0,0.0,0.0,0.0
C1699,752,경기도,7.0,0.0,7.0,606.0,0,438,138,176,0,29343167.55319149,263969.49468085106,0.0,1.0,0.0,1.0,0.0,0.0,0.0,0.0
C2251,886,경기도,16.0,0.0,3.0,870.0,34,282,450,120,0,31167602.708803613,260215.7336343115,0.0,1.0,0.0,1.0,0.0,0.0,0.0,0.0
C1340,552,전라북도,21.0,0.0,3.0,410.0,200,192,160,0,0,11754536.231884059,185103.6231884058,0.0,1.0,0.0,1.0,0.0,0.0,0.0,0.0
C2373,850,제주특별자치도,9.0,0.0,5.0,800.0,0,492,286,72,0,19647964.70588235,216273.50588235294,0.0,1.0,0.0,1.0,0.0,0.0,0.0,0.0
C1455,432,강원도,2.0,0.0,5.0,420.0,164,104,164,0,0,10792194.444444444,176163.42592592593,0.0,1.0,0.0,1.0,0.0,0.0,0.0,0.0
C1095,1256,경기도,37.0,0.0,3.0,505.0,66,458,418,314,0,22291187.89808917,227517.16560509554,0.0,1.0,0.0,1.0,0.0,0.0,0.0,0.0
C2137,960,경상북도,30.0,0.0,8.0,752.0,180,360,420,0,0,55213812.5,127973.125,0.0,1.0,0.0,1.0,0.0,0.0,0.0,0.0
C1985,874,전라남도,28.0,0.0,4.0,630.0,0,376,322,176,0,16119686.498855835,223209.33638443935,0.0,1.0,0.0,1.0,0.0,0.0,0.0,0.0
C2583,1106,대전광역시,21.0,,2.0,982.0,240,722,144,0,0,12732233.273056058,176994.99095840869,0.0,1.0,0.0,0.8442524181808161,0.15574758181918394,0.0,0.0,0.0
C2450,483,경기도,8.0,0.0,5.0,451.0,0,262,173,48,0,29685960.66252588,276084.86542443064,0.0,1.0,0.0,1.0,0.0,0.0,0.0,0.0
C2329,1028,대구광역시,24.0,0.0,5.0,821.0,216,540,168,104,0,17039443.579766538,250171.67315175096,0.0,1.0,0.0,1.0,0.0,0.0,0.0,0.0
C1834,326,강원도,4.0,0.0,1.0,255.0,0,212,78,36,0,10482030.674846625,154910.49079754602,0.0,1.0,0.0,1.0,0.0,0.0,0.0,0.0
C1649,575,경상남도,15.0,,,855.0,0,0,0,575,0,55469565.217391305,461165.2173913043,0.0,1.0,1.0,0.0,0.0,0.0,0.0,0.0
C1848,532,광주광역시,9.0,0.0,3.0,625.0,0,0,0,532,0,38621650.375939846,494979.36090225563,0.0,1.0,1.0,0.0,0.0,0.0,0.0,0.0
C1743,791,대구광역시,16.0,1.0,1.0,1653.0,0,0,0,791,0,39911504.42477876,518470.2907711757,0.0,1.0,1.0,0.0,0.0,0.0,0.0,0.0
C1402,344,충청북도,16.0,0.0,2.0,498.0,0,0,0,344,0,48244186.04651163,480697.67441860464,0.0,1.0,1.0,0.0,0.0,0.0,0.0,0.0
C1103,935,강원도,31.0,0.0,2.0,787.0,269,232,268,166,0,14811838.502673797,211857.2834224599,0.0,1.0,0.0,1.0,0.0,0.0,0.0,0.0
C1129,1444,경기도,2.0,1.0,10.0,1668.0,0,0,0,1444,0,49310526.315789476,498584.2105263158,0.0,1.0,1.0,0.0,0.0,0.0,0.0,0.0
C1027,452,경상남도,21.0,0.0,5.0,207.0,0,262,190,0,0,19396278.761061948,254986.76991150444,0.0,1.0,0.0,1.0,0.0,0.0,0.0,0.0
C2377,1105,경상남도,22.0,0.0,3.0,579.0,0,774,140,191,0,19042975.56561086,252127.13122171946,0.0,1.0,0.0,1.0,0.0,0.0,0.0,0.0
C2431,472,경상남도,16.0,0.0,2.0,359.0,0,272,200,0,0,16798355.93220339,262944.406779661,0.0,1.0,0.0,1.0,0.0,0.0,0.0,0.0
C2661,354,제주특별자치도,12.0,0.0,6.0,330.0,140,110,104,0,0,12626841.807909604,180142.99435028248,0.0,1.0,0.0,1.0,0.0,0.0,0.0,0.0
C1263,268,충청북도,4.0,0.0,5.0,217.0,60,148,60,0,0,8841014.925373135,130981.94029850746,0.0,1.0,0.0,1.0,0.0,0.0,0.0,0.0
C1136,984,경기도,31.0,0.0,19.0,763.0,296,296,228,164,0,61508073.17073171,137799.1463414634,0.0,1.0,0.0,1.0,0.0,0.0,0.0,0.0
C2605,624,강원도,6.0,0.0,3.0,572.0,0,450,174,0,0,18127955.128205128,206377.59615384616,0.0,1.0,0.0,1.0,0.0,0.0,0.0,0.0
C2393,1546,경기도,1.0,1.0,2.0,922.0,248,1014,284,0,0,20368135.834411383,196544.20439844762,0.0,1.0,0.0,0.8050284875008126,0.19497151249918745,0.0,0.0,0.0
C1673,640,충청북도,22.0,0.0,1.0,526.0,180,280,180,0,0,12062281.25,163838.125,0.0,1.0,0.0,1.0,0.0,0.0,0.0,0.0
C1017,1460,대전광역시,27.0,0.0,2.0,1246.0,324,580,556,0,0,21237783.561643835,240705.53424657535,0.0,1.0,0.0,1.0,0.0,0.0,0.0,0.0
C2539,396,충청남도,8.0,0.0,2.0,228.0,196,140,60,0,0,14218949.494949495,117208.9898989899,0.0,1.0,0.0,0.8859731201088806,0.11402687989111944,0.0,0.0,0.0
C1933,1022,광주광역시,8.0,0.0,3.0,1730.0,0,0,0,1022,0,38469667.318982385,543131.1154598825,0.0,1.0,1.0,0.0,0.0,0.0,0.0,0.0
C2316,1126,대구광역시,36.0,0.0,4.0,712.0,308,574,244,0,0,11383380.106571937,195695.57726465364,0.0,1.0,0.0,1.0,0.0,0.0,0.0,0.0
C2051,1164,세종특별자치시,0.0,0.0,3.0,780.0,0,0,0,1164,0,51434707.903780065,530738.8316151203,0.0,1.0,1.0,0.0,0.0,0.0,0.0,0.0
C2414,924,충청북도,13.0,0.0,4.0,1200.0,0,0,0,924,0,30709000.0,270660.0,0.0,1.0,1.0,0.0,0.0,0.0,0.0,0.0
C1301,340,대구광역시,19.0,0.0,4.0,202.0,120,220,0,0,0,12292117.647058824,163922.35294117648,0.0,1.0,0.0,1.0,0.0,0.0,0.0,0.0
C2612,1684,세종특별자치시,27.0,0.0,2.0,1832.0,682,620,382,0,0,14919596.19952494,193195.9619952494,0.0,1.0,0.0,1.0,0.0,0.0,0.0,0.0
C2627,580,전라남도,18.0,0.0,2.0,404.0,270,138,172,0,0,10254244.827586208,121929.8275862069,0.0,1.0,0.0,0.8516689472855022,0.14833105271449792,0.0,0.0,0.0
C2040,198,충청북도,11.0,0.0,2.0,336.0,0,0,0,198,0,55575757.57575758,540606.0606060605,0.0,1.0,1.0,0.0,0.0,0.0,0.0,0.0
C2609,556,제주특별자치도,17.0,0.0,2.0,555.0,196,160,200,0,0,14397798.56115108,204462.30215827338,0.0,1.0,0.0,1.0,0.0,0.0,0.0,0.0
C2001,540,경기도,10.0,0.0,8.0,417.0,210,182,148,0,0,14871851.851851853,160700.0,0.0,1.0,0.0,1.0,0.0,0.0,0.0,0.0
C1065,938,경상북도,37.0,0.0,3.0,1255.0,298,252,388,0,0,14613040.51172708,194887.526652452,0.0,1.0,0.0,1.0,0.0,0.0,0.0,0.0
C1363,2568,경기도,11.0,0.0,6.0,2550.0,1290,564,714,0,0,27705530.373831775,196367.80373831774,0.0,1.0,0.0,0.840492089481246,0.159507910518754,0.0,0.0,0.0
C2579,1058,경기도,16.0,0.0,4.0,751.0,474,368,133,83,0,28010896.030245747,215035.4820415879,0.0,1.0,0.0,1.0,0.0,0.0,0.0,0.0
C1048,368,경기도,15.0,0.0,3.0,243.0,176,128,64,0,0,26719869.56521739,217156.52173913043,0.0,1.0,0.0,1.0,0.0,0.0,0.0,0.0
C1210,1088,대구광역시,39.0,0.0,4.0,586.0,716,372,0,0,0,25390294.11764706,137525.90073529413,0.0,1.0,0.0,0.0,0.0,0.0,0.0,1.0
C1320,1696,경상남도,35.0,0.0,4.0,924.0,616,728,352,0,0,12027264.150943397,195103.77358490566,0.0,1.0,0.0,1.0,0.0,0.0,0.0,0.0
C1941,404,경상남도,19.0,0.0,3.0,600.0,0,0,0,404,0,47288000.0,627080.0,0.0,1.0,1.0,0.0,0.0,0.0,0.0,0.0
C1326,1934,부산광역시,43.0,0.0,4.0,1153.0,1166,464,304,0,0,0.0,0.0,0.0,1.0,0.0,1.0,0.0,0.0,0.0,0.0
C1685,295,충청북도,28.0,0.0,1.0,164.0,215,72,8,0,0,34672772.881355934,43067.1186440678,0.0,1.0,0.0,0.0,0.0,0.0,0.0,1.0
C2618,1550,경기도,40.0,0.0,7.0,783.0,774,408,368,0,0,54853572.90322581,97520.24516129032,0.0,1.0,0.0,0.8398855846571771,0.16011441534282297,0.0,0.0,0.0
C1451,1618,경기도,38.0,0.0,3.0,1044.0,714,600,304,0,0,52999740.42027194,101339.62917181705,0.0,1.0,0.0,0.8889483131138599,0.11105168688614016,0.0,0.0,0.0
C2143,363,강원도,2.0,0.0,2.0,719.0,0,0,0,363,0,41524969.696969695,548422.4242424242,0.0,1.0,1.0,0.0,0.0,0.0,0.0,0.0
C1968,514,강원도,0.0,0.0,3.0,220.0,410,52,52,0,0,10385595.330739299,113569.33852140077,0.0,1.0,0.0,0.7659092317599919,0.23409076824000796,0.0,0.0,0.0
C2470,636,대전광역시,1.0,1.0,2.0,887.0,0,96,264,46,0,25970443.349753693,381871.921182266,0.0,1.0,1.0,0.0,0.0,0.0,0.0,0.0
C1258,840,경상남도,0.0,0.0,3.0,616.0,400,330,110,0,0,15443809.523809524,154580.95238095237,0.0,1.0,0.0,0.8765524279384612,0.1234475720615387,0.0,0.0,0.0
C2453,659,경기도,7.0,2.0,3.0,559.0,372,156,130,0,0,27940112.462006077,196100.21276595743,0.0,1.0,0.0,0.8566142195188564,0.14338578048114356,0.0,0.0,0.0
C1724,1256,경상남도,1.0,0.0,6.0,701.0,850,406,0,0,0,21461488.853503186,128449.04458598726,0.0,1.0,0.0,0.1936198240598376,0.05765626356416618,0.0,0.0,0.7487239123759961
C1802,1438,세종특별자치시,3.0,0.0,2.0,1983.0,0,0,0,1438,0,42905424.20027816,469527.1210013908,0.0,1.0,1.0,0.0,0.0,0.0,0.0,0.0
C1939,2334,경기도,13.0,0.0,3.0,1896.0,1014,660,660,0,0,33306511.568123393,201531.15681233932,0.0,1.0,0.0,1.0,0.0,0.0,0.0,0.0
C1284,528,경상남도,0.0,0.0,5.0,780.0,0,0,0,528,0,32896000.0,185040.0,0.0,1.0,1.0,0.0,0.0,0.0,0.0,0.0
C2595,867,경상남도,2.0,0.0,5.0,1359.0,0,0,0,867,0,39981545.55940023,459434.83275663207,0.0,1.0,1.0,0.0,0.0,0.0,0.0,0.0
C2351,542,경기도,6.0,0.0,4.0,646.0,0,0,0,542,0,45136531.36531366,428523.9852398524,0.0,1.0,1.0,0.0,0.0,0.0,0.0,0.0
C1697,526,경기도,4.0,0.0,3.0,854.0,0,0,0,526,0,69798479.08745247,376996.1977186312,0.0,1.0,1.0,0.0,0.0,0.0,0.0,0.0
C2259,947,경기도,5.0,0.0,2.0,1378.0,0,0,0,947,0,69829989.44033791,377074.9736008448,0.0,1.0,1.0,0.0,0.0,0.0,0.0,0.0
C1786,480,강원도,25.0,0.0,3.0,345.0,388,92,0,0,0,5857333.333333333,27822.333333333332,0.0,1.0,0.0,0.0,0.0,0.0,0.0,1.0
C1652,890,서울특별시,20.0,1.0,8.0,509.0,524,232,134,0,0,71822921.34831461,239407.32584269662,0.0,1.0,0.0,0.0,0.0,0.0,0.0,1.0
C1565,1020,대구광역시,42.0,0.0,3.0,588.0,650,370,0,0,0,19630509.80392157,98152.54901960785,0.0,1.0,0.0,0.0,0.0,0.0,0.0,1.0
C1910,616,전라북도,21.0,0.0,2.0,396.0,412,200,0,0,0,19441568.62745098,116649.41176470589,0.0,1.0,0.0,0.0,0.0,0.0,0.0,1.0
C2139,311,경상남도,11.0,0.0,4.0,155.0,108,138,60,0,0,10816647.05882353,152137.25490196078,0.0,1.0,0.0,1.0,0.0,0.0,0.0,0.0
C1979,270,경기도,17.0,0.0,4.0,133.0,135,135,0,0,0,39628755.55555555,174376.1851851852,0.0,1.0,0.0,0.0,0.0,0.0,0.0,1.0
C1803,100,울산광역시,13.0,0.0,2.0,78.0,66,34,0,0,0,34416000.0,163757.4,0.0,1.0,0.0,0.0,0.0,0.0,0.0,1.0
C2508,847,전라북도,13.0,0.0,3.0,568.0,524,226,92,0,0,13095562.94536817,115409.02612826604,0.0,1.0,0.0,0.7188810426445682,0.2811189573554318,0.0,0.0,0.0
C2531,540,제주특별자치도,22.0,0.0,6.0,358.0,318,126,96,0,0,21137503.703703705,145169.62962962964,0.0,1.0,0.0,0.5433411811192151,0.0,0.0,0.0,0.456658818880785
C1695,203,전라남도,12.0,0.0,4.0,123.0,128,72,0,0,0,21929600.0,129748.65,0.0,1.0,0.0,0.0,0.0,0.0,0.0,1.0
C2556,303,울산광역시,21.0,0.0,2.0,148.0,0,232,68,0,0,9353333.333333334,128973.33333333333,0.0,1.0,0.0,1.0,0.0,0.0,0.0,0.0
C2086,1080,세종특별자치시,7.0,0.0,2.0,1524.0,0,0,0,1080,0,46055555.55555555,510611.1111111111,0.0,1.0,1.0,0.0,0.0,0.0,0.0,0.0
C1544,442,대구광역시,10.0,0.0,2.0,713.0,0,0,0,442,0,49696832.57918552,480090.4977375566,0.0,1.0,1.0,0.0,0.0,0.0,0.0,0.0
C2496,818,전라북도,0.0,0.0,3.0,1400.0,0,0,0,818,0,66242053.78973105,576210.2689486552,0.0,1.0,1.0,0.0,0.0,0.0,0.0,0.0
C1756,404,울산광역시,1.0,0.0,3.0,609.0,0,0,0,404,0,55000000.0,620000.0,0.0,1.0,1.0,0.0,0.0,0.0,0.0,0.0
C2362,1509,경기도,46.0,0.0,2.0,196.0,1074,426,0,0,0,24534666.666666668,103466.66666666667,0.0,1.0,0.0,0.0,0.0,0.0,0.0,1.0
C2568,412,경상북도,31.0,0.0,2.0,189.0,260,150,0,0,0,15443902.43902439,90083.90243902439,0.0,1.0,0.0,0.0,0.0,0.0,0.0,1.0
C2245,212,경상남도,22.0,0.0,1.0,98.0,146,64,0,0,0,51474071.428571425,26805.428571428572,0.0,1.0,0.0,0.0,0.0,0.0,0.0,1.0
C2059,26,경기도,1.0,1.0,3.0,13.0,12,14,0,0,0,47445769.23076923,197307.6923076923,0.0,1.0,0.0,0.0,0.0,0.0,0.0,1.0
C2549,202,제주특별자치도,17.0,0.0,2.0,165.0,120,80,0,0,0,25680000.0,109140.0,0.0,1.0,0.0,0.0,0.0,0.0,0.0,1.0
C1584,1227,경기도,40.0,0.0,3.0,507.0,850,370,0,0,0,41715344.26229508,190606.55737704918,0.0,1.0,0.0,0.0,0.0,0.0,0.0,1.0
C2298,581,대전광역시,21.0,0.0,3.0,444.0,330,248,0,0,0,27084429.065743946,130401.38408304498,0.0,1.0,0.0,0.0,0.0,0.0,0.0,1.0
C2225,1206,경상남도,49.0,0.0,3.0,448.0,750,450,0,0,0,51953781.666666664,27057.416666666668,0.0,1.0,0.0,0.0,0.0,0.0,0.0,1.0
C1218,1048,경기도,28.0,0.0,6.0,921.0,516,524,0,0,0,68190769.23076923,272763.07692307694,0.0,1.0,0.0,0.0,0.0,0.0,0.0,1.0
C2328,1077,충청북도,4.0,0.0,2.0,1374.0,0,0,0,1077,0,42607242.33983287,378393.6861652739,0.0,1.0,1.0,0.0,0.0,0.0,0.0,0.0
C1045,464,강원도,13.0,0.0,2.0,266.0,176,178,110,0,0,15628879.310344828,157206.89655172414,0.0,1.0,0.0,1.0,0.0,0.0,0.0,0.0
C1207,100,광주광역시,10.0,0.0,6.0,59.0,76,24,0,0,0,26605760.0,137457.6,0.0,1.0,0.0,0.0,0.0,0.0,0.0,1.0
C1970,214,광주광역시,16.0,0.0,6.0,159.0,140,60,0,0,0,24938320.0,128844.6,0.0,1.0,0.0,0.0,0.0,0.0,0.0,1.0
C2433,511,경기도,19.0,0.0,2.0,130.0,284,224,0,0,0,28917165.354330707,125090.55118110236,0.0,1.0,0.0,0.0,0.0,0.0,0.0,1.0
C1156,1004,충청북도,47.0,0.0,3.0,505.0,614,384,0,0,0,66756961.9238477,34764.58917835671,0.0,1.0,0.0,0.0,0.0,0.0,0.0,1.0
C2142,954,울산광역시,41.0,0.0,5.0,396.0,340,390,216,0,0,16662477.8012685,189050.7399577167,0.0,1.0,0.0,1.0,0.0,0.0,0.0,0.0
C2153,362,전라남도,20.0,0.0,3.0,280.0,112,130,120,0,0,14611116.022099448,190234.3093922652,0.0,1.0,0.0,1.0,0.0,0.0,0.0,0.0
C2186,924,대구광역시,0.0,0.0,8.0,744.0,508,220,188,0,0,8657373.362445414,77847.64192139739,0.0,1.0,0.0,0.8035669636996641,0.19643303630033598,0.0,0.0,0.0
C1176,1486,충청북도,55.0,0.0,3.0,619.0,348,538,600,0,0,20314430.68640646,189160.067294751,0.0,1.0,0.0,1.0,0.0,0.0,0.0,0.0
C2446,2200,경기도,32.0,0.0,5.0,1204.0,984,560,656,0,0,48501818.18181818,202088.6,0.0,1.0,0.0,0.0,0.0,0.0,0.0,1.0
C2586,90,제주특별자치도,7.0,0.0,3.0,57.0,54,36,0,0,0,28773333.333333332,122286.66666666667,0.0,1.0,0.0,0.0,0.0,0.0,0.0,1.0
C2035,492,강원도,24.0,0.0,1.0,246.0,156,156,180,0,0,18201219.51219512,167341.46341463414,0.0,1.0,0.0,1.0,0.0,0.0,0.0,0.0
C2020,40,부산광역시,7.0,1.0,2.0,19.0,25,15,0,0,0,26900000.0,130016.25,0.0,1.0,0.0,0.0,0.0,0.0,0.0,1.0
C2437,90,충청북도,12.0,0.0,1.0,16.0,90,0,0,0,0,10346000.0,107530.0,0.0,1.0,0.0,0.0,1.0,0.0,0.0,0.0
C2532,239,강원도,7.0,0.0,1.0,146.0,0,0,38,201,0,13647815.89958159,138834.35146443514,0.0,1.0,0.0,1.0,0.0,0.0,0.0,0.0
